ITEM #,COUNT,VESSEL NAME,FIRST OIL MONTH,FIRST OIL YEAR,FPSO OWNER,FPSO OPERATOR,FIELD OPERATOR (MAJORITY),"1.0- FOO/FOM, 2=FOO/CM, 3. CO/CM, 4. CO/FOM",LEASED (L) FPSO (CONTRACTOR OWNED),CURRENT LEASE PERIOD (YRS.),OPERATING WATER DEPTH (M),FIELD or LOCATION,COUNTRY,REGION,RESERVES (MMBOE),TOPSIDES DETAILING ENG.,HULL DETAIL ENG.,GENERAL CONTRACTOR (EPCI),TOPSIDES FAB YARD,NEW BUILD HULL FAB YARD,CONVERSION / INTEGRATION,REPAIR,TURRET SUPPLIER/SWIVEL MANUFACTURER,TOTAL WELLS,PRODUCTION WELLS,GAS INJECTION WELLS,WATER INJECTION WELLS,CLASSIFICATION,LENGTH (M),BREADTH (M),DEPTH (M),MAX OPERATING DRAFT (M),"HULL CONSTRUCTION DH-DOUBLE HULL, SH-SINGLE HULL, DS-DOUBLE SIDED",DEADWEIGHT (DWT) (Tonnes),CONSTRUCTION TYPE (CONVERSION or NEWBUILD),ORIGINAL HULL FABRICATION YEAR,LATEST INTEGRATION/ UPGRADE YEAR,MAX OIL PRODUCTION (MBOPD),GAS PROCESSING (MMscfd),EQUIVALENT THROUGHPUT (MBOE/D),GAS INJECTION (MMscfd),GAS EXPORT & GAS LIFT (MMscfd),MAX WATER PRODUCTION (MBPD),PRODUCED WATER (MBWPD),WATER INJECTION (MBWPD),STORAGE CAPACITY (MBBLs),TOTAL RISERS,QUARTERS CAPACITY (PEOPLE),"GAS DEPOSITION
F-FLARED, S-SALES, L-LIFT","TYPE OF FLARE
FB-FLARE BOOM OR FLARE TOWER,
GF-GROUND FLARE, FF-FLOATING FLARE","OFFLOADING SYSTEM
TS-TANDEM STERN, TB-TANDEM BOW, TC-TO CALM BUOY, SS-SIDE BY SIDE","MOORING SYSTEM TYPE IT-INTERNAL TURRET, ET-EXTERNAL TURRET, SM-SPREAD MOORED, RTM- RISER TURRET MOORING, SALS-SINGLE ANCHOR LEG SYSTEM, CALM-CATENARY ANCHOR LEG MOORING, JSY-JACKET SOFT YOKE, DP - DYNAMIC POSITIONING, STP - SUBMERGED TURRET PRODUCTION, S- STEEL",PERMANENT or DISCONNECTABLE,NUMBER OF ANCHOR LEGS,ITEM #
1,1,DHIRUBHAI-1 (AKER SMART 1),9,2008,Aker FP,Aker BO,Reliance,2,L,,"1,200",MA-D6,In,Others,"1,000",Aker Solutions,Aker Yard Brevik,Aker FP,Aker Solutions,NSSC,Jurong,Jurong,APL,9,8,1,,ABS,332,58,28,,,"265,050",C,,,80,316,133,100,300,,50,,"1,300",11,104,"F,S,I",FB,TS,IT,D,9,1
2,1,NINGALOO VISION,8,2009,Apache,BW Offshore,Apache,2,L,,350,Van Gogh,Australia,Aust,50,,Prosafe,Prosafe,Various,,Keppel,,Prosafe,13,10,1,2,LR,238,42,24,15,DS,"101,832",C,1981,2008,63,80,76,80,80,147,,147,650,8,60,I,FB,TS,SM,D,9,2
3,1,PYRENEES VENTURE,2,2010,BHP Billiton,MODEC,BHP Billiton,2,,15,200,"Pyrenees (Crosby, Revensworth, Stickle)",Australia,Aust,100,MODEC,MODEC,MODEC,COOEC,,Cosco,,SOFEC,13,9,1,3,ABS,274,48,,,DH,"143,690",C,,2007,96,60,106,,60,110,,110,850,,,,,,IT,D,9,3
4,1,BROTOJOYO,1,2011,BLT,BLT,Kangean Energy Indonesia,3,L,,,Pagerungan Utara,Indonesia,SCS,,Kavin Engineering,,Berlian Laju Tanker,,,Sembawang,,,,,,,DNV,66,66,27,18,DH,"45,145",N,2007,2012,20,,20,,,,,,400,,,,,,SM,,,4
5,1,PTAP ONE,11,2001,Blue Sky,Blue Sky,Blue Sky,1,,,100,Langsa,Indonesia,SCS,,MODEC,MODEC,,,,,,SOFEC,,,,,ABS,171,,,,,"31,424",C,,2001,15,,15,,,,11,,227,,,,,,SM,,8,5
6,1,MV 8 LANGSA VENTURE,12,2001,Blue Sky Langsa Ltd.,Blue Sky Langsa Ltd.,Mitsui Oil,3,L,,100,Langsa,Indonesia,SCS,16,MODEC/NATCO,MODEC,MODEC,MODEC/BT Engr.,,Jurong,Jurong,SOFEC,4,,,,ABS,171,25,16,12,SH,"35,000",C,1974,2001,15,,15,15,,11,,,272,3,40,F,FB,TS,SM,P,8,6
7,1,BLEO HOLM,4,1999,Bluewater,Talisman,Talisman (Blake),3,L,,109,"Ross, Parry, Blake",UK,N Sea,138,Fluor,Bluewater,Fluor,UiE Scotland,Hitachi,Hitachi,,Bluewater,5,3,,2,ABS,322,56,29,,,"265,243",C,,,60,35,66,10,85,65,65,85,657,8,96,"F, I",FB,TS,IT,P,9,7
8,1,HAEWENE BRIM,1,1999,Bluewater,Bluewater,Shell,3,L,,85,Pierce,UK,N Sea,238,APS/Aker,,Pierce Production,Aker McNulty,,Samsung,Cromarty Firth,STP/Framo,8,,,2,DNV,252,42,23,16,DH,"103,000",N,1997,2014,70,110,88,110,,40,22,95,626,7,55,F,FB,TS,IT,D,8,8
9,1,JOTUN A,10,1999,Bluewater (JV),ExxonMobil,ExxonMobil,4,L,,128,Jotun,Norway,N Sea,200,Kvaerner Oil & Gas,Kvaerner Masa-Yards,Kvaerner Oil & Gas,Kvaerner Rosenberg,Kvaerner Masa,Kvaerner Masa,,Bluewater,19,,,,DNV,233,42,24,16,DH,"93,476",N,1997,1997,123,30,128,,,80,,,595,4,55,F,FB,TS,IT,D,6,9
10,1,GLEN LYON,5,2017,BP,BP,BP,1,,,400,Schiehallion  Quad 204,UK,N Sea,,KBR,KBR,KBR,HHI,,HHI,,,,,,,,270,52,,,DH,"165,000",N,,2016,320,220,357,,,,,,"1,000",,,,,SS,IT,,,10
11,1,GREATER PLUTONIO,10,2007,BP,BP,BP,1,,,"1,200","Block 18: Paladio, Plutonio, Platino, Galio, Cromio, Cobalto",Angola,W Africa,"1,166",KBR,HHI,,HHI,HHI,HHI,,,43,20,3,20,BV,310,58,32,,DS,"360,000",N,2007,,155,190,187,90,,205,60,250,950,24,75,I,FB,TS,IT,P,14,11
12,1,PSVM FPSO,12,2012,BP,BP,BP,1,,,"2,000","Block 31: Plutão, Saturno, Venus, Marte",Angola,W Africa,,Toyo,MODEC,MODEC,Dyna-Mac,,Jurong,Jurong,SOFEC,40,22,2,16,ABS,318,57,32,23,DH,"296,200",C,1996,2011,157,245,198,120,60,195,195,300,"2,000",18,140,LS,FT,TS,ET,P,12,12
13,1,SKARV FPSO,12,2012,BP,BP,BP,1,,,400,Skarv,Norway,N Sea,385,Aker Solutions,Aker Solutions,,Samsung,Samsung,Samsung,,,16,,,,DNV,295,51,20,,,"129,000",N,2010,,85,670,197,,,,,,875,13,100,S,FB,TS,,,15,13
14,1,ARMADA KRAKEN,6,2017,Bumi Armada/Enquest,Bumi Armada,Enquest,3,L,8,110,Kraken,UK,N Sea,140,,,,,,Keppel,,,,,,,,285,50,,17,,"166,546",C,2007,2016,80,20,83,,,,,275,600,,90,,,,IT,,,14
15,1,ARMADA OLOMBENDO,2,2017,Bumi Armada,Bumi Armada,ENI,3,L,10,500,East Hub 15/06,Angola,W Africa,,,,,,,Keppel,,,9,,,,ABS,335,58,,12,,"301,963",C,1999,2016,80,120,100,,,,,120,"1,700",,100,,,,ET,,,15
16,1,ARMADA PERDANA,12,2009,Bumi Armada,Bumi Armada,ALLIED,3,L,,350,Oyo,Nigeria,W Africa,n/a,DPS,Bumi Armada Engineering,Bumi Armada Navigation,Keppel,,Keppel,,,3,2,1,,ABS,308,46,23,17,SH,"156,483",C,1984,2009,40,60,50,60,,9,2,15,"1,100",4,87,F,FB,SS,SM,P,12,16
17,1,ARMADA PERKASA,5,2008,Bumi Armada,Bumi Armada,Afren/Amni,3,L,,15,Okoru Setu Field,Nigeria,W Africa,,Sc+N182+P18,KMV,Bumi Armada Berhad,Hug Seng,,Keppel,Keppel,,7,,,,ABS,201,32,18,13,SH,"58,126",C,1975,2008,30,,30,,18,20,,,298,3,87,F,FB,TB/TS,SM,P,10,17
18,1,ARMADA STERLING,3,2013,Bumi Armada,Bumi Armada,ONGC,3,L,,91,D-1,In,Others,,Bumi Armada Engineering,Bumi Armada Engineering,,Dyna-mac,,Keppel,,,,,,,ABS,247,42,21,15,DH,"110,810",C,1997,2012,60,,60,,,,,,580,6,70,F,FB,TS,IT,P,9,18
19,1,ARMADA STERLING II,2,2015,Bumi Armada,Bumi Armada,ONGC,3,L,,,D-1,In,Others,,Bumi Armada Engineering,Bumi Armada Engineering,SPCPL,Dynamac,,Keppel,,,,,,,ABS,247,42,21,,DH,"97,306",C,1999,2014,27,,27,,,,,25,510,,77,,FT,,IT,P,,19
20,1,ARMADA TGT1 (PERWIRA),8,2011,Bumi Armada,Bumi Armada,Hoang Long Joint Operating Co.,3,L,,47,Te Giac Trang,Vietnam,SCS,,Bumi Armada Engineering,Bumi Armada Engineering,Bumi Armada Berhad,Dyna-mac,,Keppel,,,,,,,ABS,336,48,23,14,DH,"112,323",C,1996,2011,55,,55,,100,,74,,620,10,100,F,,TS,ET,P,1,20
21,1,KARAPAN STERLING III,12,2016,Bumi Armada,Bumi Armada,CNOOC,3,L,10,55,Madura BD,Indonesia,SCS,,,,,,,Keppel,,,,,,,,,,,,,"107,160",C,,2016,75,110,93,,,,,,370,,80,,,,SM,P,12,21
22,1,ABO,8,2003,BW Offshore,BW Offshore,ENI,3,L,20,550,Abo,Nigeria,W Africa,82,BW Offshore,BW Offshore,BW Offshore,GSI,,Keppel,,,9,5,2,2,DNV,269,54,20,15,DS,"155,612",C,1976,2002,44,48,52,46,,11,6,33,930,8,66,I,FB,TS,SM,P,12,22
23,1,BERGE HELENE,2,2006,BW Offshore,BW Offshore,Petronas,3,L,11,694,Chinguetti Field,Mauritania,Others,125,ABB,Inocean,BW Offshore,ABB,,Keppel,,"APL, Sembawang",12,6,1,4,ABS,349,52,27,22,SH,"278,734",C,1976,2005,75,54,84,73,,,90,100,"2,000",11,100,"F, I",FT,T,ET,P,12,23
24,1,BW CATCHER,2H,2017,BW Offshore,BW Offshore,Premier Oil,3,L,7,91,Catcher,UK,N Sea,,Aibel,BW Offshore,BW Offshore,Keppel,IHI,,,NOV/APL,22,14,,8,DNV,240,50,27,,DH,"130,000",N,,,60,60,70,,,,,125,650,,,,FB,,IT,,,24
25,1,BW CIDADE DE SAO VICENTE,3,2009,BW Offshore,BW Offshore,Petrobras,3,L,10,"2,200","Early production, various fields - incl. Sapinhoa, Lula",Brazil,Brazil,"2,000",M7 Offshore,Inocean,BW Offshore,,,Keppel,,SOFEC,3,3,,,DNV,254,44,23,14,SH,"135,510",C,1975,2009,30,30,35,18,,14,,,470,4,80,"F,S",FB,TB,ET,D,7,25
26,1,BW JOKO TOLE,6,2012,BW Offshore,BW Offshore,Kangean Energy Indonesia,3,L,10,300,Terang Sirasun Batur,Indonesia,SCS,119,VME,,,,,Sembawang,,,5,5,,,ABS / BKI,247,42,20,,SH,"97,127",C,1988,2011,7,340,64,,,,,,200,5,,F,FB,TB,SM,P,10,26
27,1,BW PIONEER,2,2012,BW Offshore,BW Offshore,Petrobras,3,L,8,"2,600","Cascade, Chinook",US GOM,GOM,500,DPS,Coast Design/Inocean,Technip,Alliance,,Keppel,,APL,4,4,,,DNV,242,42,20,14,SH,"96,828",C,1992,2010,80,16,83,,16,,,,600,5,,"F,S",FB,TS,IT,D,11,27
28,1,ESPOIR IVOIRIEN,2,2002,BW Offshore,BW Offshore,CNRL,3,L,20,120,Espoir,Cote d'Ivoire,W Africa,93,BW Offshore,BW Offshore,BW Offshore,GSI,,Keppel (Tuas),,BW Offshore,12,10,,2,DNV,269,54,20,15,SH,"155,000",C,1975,2001,45,80,58,,,,,60,"1,100",10,66,"S,L",FB,TS,IT,P,6,28
29,1,POLVO,7,2007,BW Offshore,BW Offshore,BP,3,L,11,100,Polvo,Brazil,Brazil,50,ABB,BW Offshore,BW Offshore,Dynamac,,Keppel,,BW Offshore,,,,,ABS,325,55,28,17,SH,"257,272",C,1980,2007,90,8,91,,,135,135,100,"1,600",6,75,F,FB,TS,IT,D,6,29
30,1,SENDJE BERGE,3,2005,BW Offshore,BW Offshore,Addax /Sinopec,3,L,13,140,"Okwori, Okwori South",Nigeria,W Africa,40,ABB,Inocean,BW Offshore,ABB,,Jurong,,,5,4,1,,DNV,350,52,27,22,SH,"274,333",C,1974,2004,50,55,59,55,,,42,,"2,000",9,100,"F, I",FB,T,SM,P,12,30
31,1,UMUROA,7,2007,BW Offshore,BW Offshore,AWE,3,L,10,120,Tui,New Zealand,Aust,700,ABB,BW Offshore,BW Offshore,Dynamac,,Keppel (Tuas),,BW Offshore,4,4,,,DNV,232,46,23,15,SH,"118,095",C,1980,2007,50,25,54,,25,,118,,775,8,60,"F, L",FB,TS,IT,D,9,31
32,1,YUUM K'AK' NAAB,6,2007,BW Offshore,BW Offshore,PEMEX,3,L,15,100,Ku-Maloob-Zaap,Mexico,GOM,5,,,,,,Sembawang,,APL,,,,,DNV,327,65,32,23,,"360,700",C,1981,2007,200,120,220,,,,,,"2,200",8,110,,,,IT,D,13,32
33,1,P-53,12,2008,CDC,Petrobras,Petrobras,4,L,,"1,080",Marlim Leste,Brazil,Brazil,,,,SBMO,QUIP Consortium,,Keppel,,SBM Offshore,18,9,,9,,346,57,28,22,SH,"322,446",C,1984,2007,180,210,215,,,189,,245,"2,000",75,160,S,FB,,IT,P,9,33
34,1,AGBAMI,7,2008,Chevron,Star Deepwater JV,NNPC,2,,,"1,462","Agbami OPL 216, 217",Nigeria,W Africa,770,KBR,DSME,DSME,DSME,Daewoo,Daewoo,,SBM Offshore,37,20,6,12,ABS,319,58,32,,DH,"337,859",N,2008,,250,212,285,,,,,,"1,800",,,,,,,,,34
35,1,CAPTAIN,12,1996,Chevron,Chevron,Chevron,1,,,104,"Captain A, B, C",UK,N Sea,350,ABB,Astano,ABB/Astano/Technip/UiE,Astano,Astano,Astano,,Seanor,36,16,,5,DNV,214,38,24,18,DH,"115,829",N,1996,,37,,37,,,,,,849,3,60,,FB,TS,ET,P,9,35
36,1,FRADE,6,2009,Chevron,Chevron,Chevron,1,,,"1,080",Frade BC-4,Brazil,Brazil,,SBM Offshore,SBM Offshore,SBM Offshore,Various,,DDD,,SBM Offshore,20,12,,7,ABS,337,55,27,21,SH,"273,500",C,1976,2009,100,106,118,,86,,130,150,"1,861",18,120,"S, L",FB,TS,IT,P,9,36
37,1,SANHA LPG FPSO,4,2005,Chevron,Chevron,Chevron,1,,,58,Sanha-Bomboco,Angola,W Africa,,SBMO,SBMO,SBMO,Various,IHI,IHI,,SBM Offshore,,,,,ABS,264,49,29,13,DH/DS,"94,000",N,2001,,,125,21,,,,,,362,4,90,,FB,SS,ET,P,9,37
38,1,TANTAWAN EXPLORER,2,1997,Chevron,Chevron,Chevron,1,,,74,Tantawan,Thailand,SCS,,SBMO/Alliance Engr.,SBM Offshore,SBM Offshore,Various,,Sembawang,,SBM Offshore,,,,,ABS,284,43,21,16,SH,"136,960",C,1976,1996,50,150,75,,150,25,25,,"1,000",7,100,S,FB,TS,ET,P,6,38
39,1,BOHAI SHI JI (BOHAI CENTURY),10,2001,CNOOC,CNOOC,CNOOC,1,,,20,Quinhuangdao 32-6,China,SCS,155,COOEC,MARIC,Dalian,COOEC/Dalian,Dalian,Dalian,Dalian,SOFEC,163,,,,DNV,101,21,12,,,"8,346",C,,,12,3,13,,,3,,,390,,47,,,TS,JSY,P,,39
40,1,BOHAI YOU YI HAO,11,2004,CNOOC,CNOOC,CNOOC,1,,,22,Bozhong 28-1,China,SCS,191,NATCO,SBM Offshore,,NATCO,Hudong,Hudong,,SBM Offshore,,,,,ABS,290,51,24,,,"190,000",C,1977,2011,70,,70,,,,,,"1,100",4,110,,,TS,T,P,,40
41,1,HAI YANG SHI YOU 102,12,2007,CNOOC,CNOOC,CNOOC,1,,,20,Bozhong 34/1,China,SCS,83,,Bohai Oil Corp./SBM,,MHI,Shanghai Hudong,Hudong,,SBM Offshore,,,,,CCS,215,31,18,,,"53,071",C,,1990,12,3,13,,,3,,,390,,,F,FB,TS,JSY,D,,41
42,1,HAI YANG SHI YOU 111,10,2003,CNOOC,CNOOC,CNOOC,1,,,110,"Panyu 4/2, 5/1",China,SCS,90,Shang Hai 708 Institute,,CNOOC/Nanhai West Oil Corp.,,Waigaogiao,Waigaigiao,,APL,26,,,,CCS,262,46,24,17,DS,"150,000",N,2002,,72,15,75,19,,,,160,"1,000",,130,,FB,TS,SAL Yoke,D,,42
43,1,HAI YANG SHI YOU 112,7,2004,CNOOC,CNOOC,Anadarko,1,,,24,"Caofein 11-1, 11-2, 11-3, 11-5",China,SCS,81,CNOOC,Dalian,,CNOOC Engr.,Dalian,Dalian,,APL,33,,,,DNV,277,51,24,16,D,"159,064",N,2003,,80,45,88,43,,72,,,820,9,63,S,FB,TS,ET,D,6,43
44,1,HAI YANG SHI YOU 113,8,2004,CNOOC,Chevron,CNOOC,1,,,22,Bozhong 25-1,China,SCS,300,CNOOC,Shanghai,,CNOOC Engr.,Waigaogiao,Shanghai Jiangan,,SBM Offshore,84,,,,DNV,272,51,21,14,D,"150,000",N,2003,,190,,190,,,,,,"1,800",,,,,,SAL Yoke,D,,44
45,1,HAI YANG SHI YOU 117,5,2009,CNOOC,ConocoPhillips,ConocoPhillips,1,,,25,Penglai Block 19-3 (Phase 2),China,SCS,500,Fluor,MDRI of China,,Sembawang / SMOE,Waigaogiao,Waigaigiao,,Bluewater,,,,,DNV,323,63,29,,,"286,480",N,2008,,190,,190,,,,,,"2,000",,,,,,IT,D,,45
46,1,HAI YANG SHI YOU 118,8,2014,CNOOC,CNOOC,CNOOC,1,,,330,"Enping 24-2, Pearl River",China,SCS,,,,,,Dalian Shipbuilding,,,,,,,,DNV,267,,51,,DH,,N,2014,,56,,56,,,,,,"1,800",,,,,,,,,46
47,1,NAN HAI ENDEAVOR (FEN JIN HAO),7,2002,CNOOC,CNOOC,CNOOC,1,,,120,"Wenchang 13-1, 13-2",China,SCS,3,,,,,,,,APL,,,,,BV,262,46,25,,,"153,675",C,,2002,80,,80,,,,,60,"1,000",4,,,GF,,IT,D,,47
48,1,NAN HAI FA XIAN,11,1994,CNOOC,CNOOC,CACT,1,,,100,Huizhou 19-3-1,China,SCS,,SBMO,,SBMO,,,Sembawang,,SBM Offshore,,,,,ABS,349,52,26,20,SH,"254,012",C,1976,1989,80,6,81,,,,50,60,"1,600",3,90,I,GF,TS,IT,D,,48
49,1,WENCHANG II (HAI YANG SHI YOU 116),7,2008,CNOOC,CNOOC,CNOOC,1,,,135,Wenchang,China,SCS,83,COOEC,,,,Qingdao Beihai,Qingdao Beihai,,APL,26,,,,CCS,217,46,24,,,"120,000",N,2006,,100,,100,,,,,,700,1,,,,,IT,D,9,49
50,1,XIJIANG (HAI YANG SHI YOU 115),10,2008,CNOOC,CNOOC,CNOOC,1,,,90,Xijiang 23-1,China,SCS,40,COOEC,,,,Qingdao Beihai,Qingdao Beihai,,APL,,,,,CCS,235,46,24,16,,"100,000",N,2006,,100,500,183,200,430,50,,,"1,000",9,120,"S, I",FB,CB,SM,P,14,50
51,1,BELANAK  NATUNA,12,2004,ConocoPhillips,ConocoPhillips,ConocoPhillips,1,,,90,Belanak West Natuna Block B,Indonesia,SCS,238,KBR,KBR,PT Brown & Root,McDermott,Dalian,Dalian,,,,,,,ABS,285,58,26,,DS,"357,000",N,2004,,55,14,57,12,,50,,37,880,5,36,,,,SALM,P,,51
52,1,TRINITY SPIRIT,,1997,ConocoPhillips,Alliance Marine Services,Shebah E&P,2,,,85,Ukpokiti,Nigeria,W Africa,48,Wood Group Mustang,Wood Group Mustang,,NATCO/Dynamic/Serck Backer,,AESA,,,7,,,,ABS,337,55,27,18,SH,"279,187",C,1976,1997,20,50,28,4,,16,,40,"1,700",4,55,F,FB,TB,SM,P,8,52
53,1,THAI BINH (CUULONG MV9),10,2003,Cuu Long JV,MODEC,Cuu Long JV,2,,,48,"Cuu Long Basin (Black Lion), Block 15-1",Vietnam,SCS,390,MODEC/Alliance,MODEC/Samsung,MODEC,MODEC/Samsung,Samsung,,,SOFEC/Framo Engr.,6,,,,ABS,245,43,20,,DH,"91,468",N,1985,2012,65,19.5,68,,35,,,82.5,"1,000",,,,,,ET,P,,53
54,1,TRITON,6,2005,Dana Petroleum,Hess,Dana Petroleum,1,,,90,"Central Graben, Block 21/30, Guillemot Fields",UK,N Sea,15,Kvaerner Oil & Gas,Kvaerner Oil & Gas,Kvaerner Oil & Gas,Sembawang,Samsung,Samsung,,Bluewater/Lewis Offshore,11,8,1,2,,244,42,21,,DH,"105,000",N,1999,,200,260,243,,,,250,450,"2,200",,,,,CB,SM,P,12,54
55,1,WESTERN ISLES FPSO,2H,2017,Dana Petroleum,Dana Petroleum,Dana Petroleum,1,,,165,Harris/Barra,UK,N Sea,45,Sevan Marine,Sevan Marine,Sevan Marine,,COSCO,,,,,5,,4,DNV,,,,,DH,"92,194",N,,,44,32,49,,,,,,400,17,70,,FB,,SM,P,12,55
56,1,DYNAMIC PRODUCER (PIPA-2),10,2011,DPI,DPI,Petrobras,3,L,,"2,500",Carioca NE,Brazil,Brazil,,Dyna-mac/ Petreco,Sembawang,DPI,Dyna-mac/ Petreco,,Sembawang,,,1,,,,DNV,101,21,12,,,"8,346",C,,,30,,30,,,,10,,300,1,28,F,FT,TB,DP,D,0,56
57,1,LEWEK EMAS (CHIM SAO),10,2011,Emas,Emas,Premier Oil,3,L,,95,Chim Sao,Vietnam,SCS,48,,,,,,Keppel,,,,,,,ABS,290,51,24,,,"190,000",C,1977,2011,50,,50,,,,,,680,7,,S,,,IT,D,9,57
58,1,FIRENZE FPSO,?,2011,ENI,Saipem,ENI,2,L,,800,Aquila,Italy,Others,20,,,Saipem,,,,,,,,,,RINA,268,42,21,,,"110,000",C,1989,2011,12,7.2,13,,,,,,700,,,"S, L",GF,,ET,P,8,58
59,1,ENQUEST PRODUCER,10,2015,Enquest,Enquest,Enquest,1,,,150,Alma/Galia,UK,N Sea,,,,,,,OGN,,,,,,,,248,39,,,,"99,800",C,1983,,120,,120,,,,,,600,,,,,,IT,,,59
60,1,BALDER,9,1999,Esso Norge,ExxonMobil,ExxonMobil,1,,,125,Balder/Ringhorne,Norway,N Sea,171,,,Smedvig,,Smedvig,,,,16,12,1,3,,211,36,,,DH,,N,1995,2005,110,,110,,,,,,380,,60,,,TS,RTM,P,10,60
61,1,ERHA,4,2006,ExxonMobil,Esso,ExxonMobil,1,,,"1,180",Niger Delta OPL 209,Nigeria,W Africa,"1,000",,,,SMOE/Sembawang,HHI,HHI,,,25,,,,ABS,290,51,24,,,"190,000",C,1977,2011,250,400,317,,,,,,"2,200",,,,,,SM,,,61
62,1,"KIZOMBA ""A""",8,2004,ExxonMobil,ExxonMobil,ExxonMobil,1,,,"1,180","Block 15 - Hungo, Chocalho",Angola,W Africa,"1,000",Fluor,,Fluor/AMEC Alliance,HHI,IHI,IHI,,SOFEC,,,,,DNV,285,63,32,24,DH,"375,000",N,2005,,250,400,317,,,,,,"2,200",,,,,,SM,,,62
63,1,"KIZOMBA ""B""",7,2005,ExxonMobil,ExxonMobil,ExxonMobil,1,,,"1,016","Block 15 - Kissanje, Dikanza",Angola,W Africa,"1,000",AMEC,,,HHI,IHI,IHI,,SOFEC,,,,,DNV,285,60,32,24,DH,"340,660",N,2005,,100,150,125,150,,180,,270,940,15,80,I,FT,TS,IT,D,9,63
64,1,SERPENTINA,7,2003,ExxonMobil,SBM Offshore,ExxonMobil,2,,,475,Zafiro Southern Expansion Area,Eq Guinea,W Africa,994,SBM Offshore,SBM Offshore,SBM Offshore,Various,,Keppel,,SBM Offshore,20,15,,5,ABS,362,56,29,22,SH,"397,355",C,1974,2002,110,160,137,150,50,150,50,150,"2,140",9,100,I,FT,TS,ET,P,9,64
65,1,ZAFIRO PRODUCER,8,1996,ExxonMobil,ExxonMobil,ExxonMobil/GEPetrol,1,,,180,Zafiro Block B,Eq Guinea,W Africa,993,Wood Group Mustang,Oceaneering Int'l,Oceaneering Int'l,Various,,Ham Marine,,,38,,,,ABS,331,56,27,20,SH,"263,933",C,1973,1999,80,60,90,45,,40,35,100,"1,900",8,150,I,"FB,FF",TB,SM,P,12,65
66,1,SENDJE CEIBA,3,2002,Hess,BW Offshore,Hess,2,,,800,Ceiba,Eq Guinea,W Africa,356,ABB,,BW Offshore,ABB,,Jurong,Jurong,,28,,,,DNV,265,52,27,22,SH,"274,473",C,1975,2001,160,45,168,OPT,,135,,135,"2,000",,100,"F, I",FS,T,SM,P,12,66
67,1,SEA ROSE (WHITE ROSE),11,2005,Husky,Husky,Husky,1,,,120,White Rose,Canada,Others,440,AMKC,Samsung,Maersk Contractors,Aker Maritime/ Keiwit,Samsung,Samsung,,SBM Offshore,21,8,2,11,DNV,258,46,27,18,DH,"140,000",N,2005,,105,145,129,145,,100,,125,630,9,80,,,,IT,,9,67
68,1,ICHTHYS VENTURER,Q3,2017,Inpex,Inpex,Inpex,1,,,250,Ichthys,Australia,Aust,,,,,,,DSME,,SBM Offshore,,,,,,336,59,,,,"340,000",N,,,100,,100,,,,,,"1,120",,200,,,,IT,P,,68
69,1,BERTRAM,4,2015,Lundin/Petronas,Lundin,Lundin,1,,,76,Bertram,Malaysia,SCS,18,Kavin Engineering,,,,,Keppel,,,12,,,,,292,41,,,,"133,560",C,1971,2014,30,3,31,,,,,,,,,,,SS,SM,,,69
70,1,RATU NUSANTARA,5,2015,M3 Energy,M3 Energy,Petronas,3,L,5,60,Bukit tua,Indonesia,SCS,,,,,,,Keppel,,,,,,,ABS,233,43,20,,SH,"85,600",C,1984,2014,25,77,38,,,,,,630,,,,,,SM,,,70
71,1,RAROA,2,2009,Maari JV,MODEC,OMV,2,L,,101,Maari,New Zealand,Aust,50,,,,,HanTong,Jurong,,APL,5,,,3,ABS,243,42,,,,"92,757",N,1980,2007,95,83,109,72,,120,,90,120,10,60,S,FB,TS,IT,P,10,71
72,1,GRYPHON,9,1993,Maersk O&G,Maersk FPSOs,Maersk O&G,2,L,,91,"Gryphon, Maclure, Tullich",UK,N Sea,213,KBR,Maritime Tentech,,Aker McNulty,Ast y Talleres del Noroeste,Astano,Damen Shipyard,Maritime Tentech,20,,,,DNV,259,41,24,16,DH,"105,701",N,1993,2001,100,90,115,75,,170,,300,510,12,90,I,FB,TS,IT,P,10,72
73,1,GLOBAL PRODUCER III,11,2001,Maersk O&G,Maersk FPSOs,Maersk O&G,2,L,,113,Dumbarton,UK,N Sea,150,KBR,Maritime Tentech/Mitsui,,McNulty,Mitsui,Mitsui,,"Maritime Tentech, M.E.S./Frame Engr.",14,10,,4,DNV,219,38,23,17,DH,"85,943",N,1998,,100,,100,,,,,,510,,40,,,,"ET, SM",P,6,73
74,1,ALVHEIM,6,2008,Marathon,Marathon,Marathon,1,,,125,Alvheim,Norway,N Sea,236,Vetco Aibel,Keppel,Vetco Aibel,Vetco Aibel,,Keppel/Vetco Aibel,,APL,25,22,,3,DNV,252,42,23,16,DH,"81,213",C,2001,2008,157,125,178,n/a,125,180,180,180,560,12,120,"S,L",FB,TS,IT,D,12,74
75,1,BUNGA KERTAS,4,2004,MISC,FPSO Ventures,Petronas,3,L,,62,Penera,Malaysia,SCS,,Malaysia Shipyard,,INTEC,DPS/MSE,,MISC,MSE,SBM Offshore,,,,,ABS,233,43,19,,SH,"87,768",C,1986,2003,30,60,40,10,60,,20,,619,8,S,,,TS,SPT,P,9,75
76,1,CENDOR II (Onozo),5,2014,MISC,MISC,Petrofac Malaysia,3,L,,,Cendor,Malaysia,SCS,,,,,,,Malaysia Marine,,,,,,,BV,245,41,,,,"100,020",C,1990,,35,,35,,,,,,680,,,,,,SM,P,12,76
77,1,MaMPU 1,10,2016,MISC,Vestigo,Petronas,3,L,,70,Anjung Kecil,Malaysia,SCS,,,,,,,,,,,,,,,182,32,,,,"47,297",C,2005,2016,15,25,19,,,,,,318,,,,,,,,,77
78,1,BAOBAB IVOIRIEN MV 10,8,2005,MODEC,MODEC,CNR,3,L,,970,Baobab,Cote d'Ivoire,W Africa,123,Sime Sembcorp,MODEC,MODEC,Sime Sembcorp,,Jurong,Jurong,SOFEC,8,3,,,ABS,350,60,28,,,"357,000",C,1976,2005,70,75,83,75,,100,,100,"2,000",11,,,,TS,ET,P,8,78
79,1,CIDADE DE ANGRA dos REIS (MV22),10,2010,MODEC,MODEC,Petrobras,3,L,15,"2,150",Lula,Brazil,Brazil,"6,000",MODEC,MODEC,MODEC,Various,,COSCO,,SOFEC,5,,,,ABS,316,58,30,,,"260,000",C,,2010,100,177,130,,,,,100,"1,600",,,"S,L",,TS,SM,P,24,79
80,1,CIDADE DE CARAGUATATUBA  (MV27),12,2016,MODEC,MODEC,Petrobras,3,L,20,"2,100",Carioca,Brazil,Brazil,,MODEC,MODEC,MODEC,Various,Mitsui,,,SOFEC,,,,,,250,60,,8,DH,"295,574",N,,,100,177,130,122,,100,,120,"1,600",,150,,,TS,SM,P,24,80
81,1,CIDADE DE ITAGUAI (MV 26),7,2015,MODEC,MODEC,Petrobras,3,L,20,"2,240",Iracema Norte,Brazil,Brazil,,MODEC,MODEC,MODEC,Various,,Cosco BrasFELS,,SOFEC,,8,,,ABS,332,58,31,6,,"282,286",C,1999,2015,150,280,197,122,252,150,,264,"1,600",,,,,TS,SM,P,24,81
82,1,CIDADE DE MANGARATIBA (MV 24),10,2014,MODEC,MODEC,Petrobras,3,L,20,"2,200",Iracema South,Brazil,Brazil,,MODEC,MODEC,MODEC,Various,,Cosco BrasFELS,,SOFEC,16,280,,8,ABS,332,58,,6,,"300,000",C,,2014,150,280,197,254,141,150,,240,"1,600",,,,,TS,SM,P,24,82
83,1,CIDADE DE NITOROI (MV 18),3,2009,MODEC,MODEC,Petrobras,3,L,9,"1,370",Jabuti Field,Brazil,Brazil,,MODEC,MODEC,MODEC,Various,,Cosco,,SOFEC,,,,,ABS,315,60,,,,"258,000",C,1986,2009,100,124,121,,,,,,"1,600",,,,,TS,SM,P,,83
84,1,CIDADE DE RIO DE JANEIRO (MV14),1,2007,MODEC,MODEC,Petrobras,3,L,2,"1,350",Espadarte Sul Field,Brazil,Brazil,,MODEC,MODEC,MODEC,Various,,Jurong,,SOFEC,,,,,,321,58,,,DH,"275,045",C,1986,,100,87,115,,,,,113,"1,600",,,,,TS,SM,P,,84
85,1,CIDADE DE SANTOS (MV 20),7,2010,MODEC,MODEC,Petrobras,3,L,5,"1,300",Urugua/Tambua Fields,Brazil,Brazil,,MODEC,MODEC,MODEC,Various,,Cosco,,SOFEC,,,,,,334,51,,,DH,"232,165",C,1973,2008,35,350,93,,,,,,700,,,,,TS,SM,P,,85
86,1,CIDADE DE SAO PAULO (MV23),1,2013,MODEC,MODEC,Petrobras,3,L,20,"2,100",Sapinhoa,Brazil,Brazil,"2,100",,,MODEC/ Schahin,Various,,"Cosco, BrasFELS",,SOFEC,,,,,ABS,332,58,28,,,"265,050",C,1992,2010,120,177,150,,,,,150,"1,600",,,,,TS,SM,P,,86
87,1,FPSO PROF. JOHN EVAN ATTA MILLS,8,2016,MODEC,MODEC,Tullow Ghana Ltd,3,L,10,"1,500",T.E.N.  Deepwater Tano,Ghana,W Africa,,MODEC,MODEC,MODEC,Various,,Jurong,Jurong,SOFEC,,,,,DNV,,,,,DH,"300,955",C,,2016,80,180,110,180,50,75,,,"1,700",,,,,TS,ET,P,,87
88,1,KAKAP NATUNA,4,1986,MODEC,ConocoPhillips,ConocoPhillips,4,L,,88,Kakap KH,Indonesia,SCS,,MODEC/NATCO,MODEC,MODEC,MODEC/Avery Laurence,,Sumitomo HI,Sumitomo,SOFEC,10,,,,ABS,268,43,21,16,SH,"134,000",C,1975,1985,25,25,29,,,60,,,760,2,86,F,FB,TB,CRY,P,6,88
89,1,MODEC VENTURE 11,3,2005,MODEC,MODEC,Santos,3,L,,492,"Mutineer, Exeter, WA-191-P",Australia,Aust,101,,MODEC,MODEC,Various,,Jurong,Jurong,SOFEC,,,,,ABS,258,46,24,,,"149,686",C,1992,2005,100,2,100,,,,,,930,12,,,,TS,IT,D,6,89
90,1,NAN HAI SHENG LI,3,1996,MODEC,MODEC,CNOOC,3,L,,305,Liuhua 11-1,China,SCS,,,MODEC,MODEC,,,Jurong,,SOFEC,,,,,ABS,267,44,23,,,"132,100",C,1975,1996,65,5,66,,,,,,650,3,,,,,IT,P,10,90
91,1,SONG DOC PRIDE MV19,11,2008,MODEC,MODEC,PetroVietnam,3,L,,55,Song Doc,Vietnam,SCS,,,MODEC,MODEC,,,Cosco,,SOFEC,5,,,,ABS,,,,,,"70,000",C,,2008,30,,30,,,,,,360,,,,,,SM,P,12,91
92,1,CDE DE CAMPOS DOS GOYTACAZES (MV29),2H,2017,MODEC and JV partners,MODEC,Petrobras,3,L,20,765,Tartaruga Verde,Brazil,Brazil,350,MODEC,MODEC,MODEC/SHAHIN,Various,,COSCO BrasFELS,,SOFEC,18,12,,6,ABS,335,58,,11,DH,"298,543",C,2000,2016,150,176,179,122,53,162,,200,"1,600",,150,"S,L",,TS,SM,P,22,92
93,1,MTC LEDANG,2H,2017,MTC Leasing,MTC Leasing,Oceantex,3,L,3,73,Ophir,Malaysia,SCS,,,,,,,,,,3,3,,,,,,,,,"45,233",C,1992,2017,15,,15,,,,,,350,,,,,,,,,93
94,1,MYSTRAS,1,2004,NPDC,NPDC,NPDC,1,L,,72,Okono & Okpono Fields,Nigeria,W Africa,270,CESL,CESL,CESL,Various,,DDD,,,5,,,,ABS,271,55,22,17,SH,"138,930",C,1976,2003,80,85,94,0,0,55,32,,"1,035",23,100,F,FB,TS,SM,P,12,94
95,1,OSX-3,12,2013,OSX 3 Leasing,OSX Leasing,OGPar,3,L,,110,BM-C-39 Campos Basin,Brazil,Brazil,,MODEC,MODEC,MODEC,Various,,Jurong,,SOFEC,,,,,ABS,,,,,,"270,182",C,,2013,100,,100,,,,,150,"1,300",,,,,FS,ET,P,,95
96,1,CYRUS,2H,2017,Pedco,Pedco,Iranian Offshore Oil,3,L,,100,South Pars,Iran,Others,"7,000",Avantgarde,,,,,,,,,,,,,245,42,22,,,"110,673",C,,,35,,35,,,,,30,714,,76,,,,SM,,,96
97,1,CONKOUATI,11,1991,Perenco,Perenco,Perenco,1,,,114,Yombo,Congo,W Africa,500,Hudson/McDermott,Hudson/McDermott,,McDermott Indonesia,,Keppel,Keppel,,30,,,,ABS,325,48,27,20,SH,"235,837",C,1973,1991,35,12,37,,,35,,,"1,420",2,94,F,GF,SS,SM,P,12,97
98,1,PERISAI KAMELIA,11,2013,Perisai Petroleum,Perisai Petroleum,Hess Malaysia,3,L,,60,North Malay Basin,Malaysia,SCS,,,,,,Keppel,,,,,,,,,264,41,22,,,"127,540",C,,,1,330,56,,175,,1,,725,,,,,,ET,,,98
99,1,P-31,10,1998,Petrobras,Petrobras,Petrobras,1,,,330,Albacora,Brazil,Brazil,962,IVI,,IVI,IVI,Ishibras,Ishibras,Ind. Verolme Ishibras,SOFEC,35,23,,,ABS,337,55,28,22,SH,"283,000",C,1974,1997,100,6,101,,,,50,60,"1,000",4,90,I,GF,TS,IT,,,99
100,1,P-32 (Formerly VLCC Cairu),6,1998,Petrobras,Petrobras,Petrobras,1,,,160,Marlim,Brazil,Brazil,704,AESA,UTC Engenharia,AESA,AESA,,AESA,,SBM Offshore,19,12,,7,ABS,337,54,28,22,,"282,750",C,1974,,150,,150,,,,,,"2,000",,,,,,,,,100
101,1,P-33,,2002,Petrobras,Petrobras,Petrobras,1,,,780,Marlim,Brazil,Brazil,704,HHI/Petromarine,,HHI/Petromarine,Segen/HHI/Allan Maclure,HHI,HHI,HHI,SBM Offshore,8,6,,2,ABS,337,55,28,22,SH,"269,443",C,1978,1998,50,,50,,,,,,700,1,,,,,IT,,,101
102,1,P-35 (Formerly VLCC Jose Bonifacio),8,1999,Petrobras,Petrobras,Petrobras,1,,,850,Marlim,Brazil,Brazil,704,Petromarine/Allan MacLure,,Petromarine/Allan MacLure,Segen,HHI,HHI,HHI,SBM Offshore,27,19,,8,ABS,337,54,28,21,SH,"270,000",C,1975,1996,100,,100,,,300,,300,"2,000",2,85,F,FB,TS,IT,,,102
103,1,P-37 (Formerly Friendship),12,1999,Petrobras,Petrobras,Petrobras,1,,,905,Marlim,Brazil,Brazil,704,Technip,,Technip,Segen,Maritima/MODEC,Jurong,Jurong,Bluewater,35,20,,15,ABS,339,54,26,21,SH,"282,000",C,1975,2000,150,16,153,,,320,,205,"1,000",,120,,FB,TS,IT,,,103
104,1,P-43,12,2004,Petrobras,Petrobras,Petrobras,1,,,790,Barracuda,Brazil,Brazil,806,KBR/HES,,KBR/HES,KBR (PROJEMAR),KBR/HES,Mauá-Jurong Cnsort.,Jurong/Mauá-Jurong,,34,20,,14,ABS,337,55,27,21,SH,"311,000",C,1975,2003,150,14,152,12,,50,,37,880,5,36,,,,SALM,,,104
105,1,P-48,2,2005,Petrobras,Petrobras,Petrobras,1,,,"1,040",Caratinga,Brazil,Brazil,153,KBR/HES,,KBR/HES,KBR (PROJEMAR),KBR/HES,Mauá-Jurong Cnsort.,FELS-Setal,,21,13,8,,ABS,337,55,27,21,SH,"311,000",C,1973,2004,150,15,153,,,20,,,500,1,35,F,FB,TS,CALM,,,105
106,1,P-50,4,2006,Petrobras,Petrobras,Petrobras,1,,,"1,225",Albacora Leste,Brazil,Brazil,,UTC Engenharia,,UTC Engenharia,Petrobras,Jurong,Jurong,Jurong,,42,17,,25,ABS,337,55,28,21,SH,"279,688",C,1980,2003,180,85,194,50,50,55,32,,"1,035",23,100,,FB,TS,SM,,,106
107,1,P-54,12,2007,Petrobras,Petrobras,Petrobras,1,,,"1,400",Roncador Module 2,Brazil,Brazil,"2,000",,,,Maua,FSTP,Jurong,Jurong,,19,11,2,6,ABS,337,54,28,22,SH,"321,000",C,1979,2007,180,,180,,,,,,"2,000",10,,,,,,,,107
108,1,P-57,12,2010,Petrobras,Petrobras,Petrobras,1,,,"1,260","Jubarte, Ph 2",Brazil,Brazil,600,SBM Offshore,SBM Offshore,SBM Offshore,,,Keppel,,SBM Offshore,45,19,17,9,,311,56,,,DH,"255,000",C,2003,2010,180,4,181,,,300,,134,"2,537",80,52,F,FT,TS,SM,P,9,108
109,1,P-58,3,2014,Petrobras,Petrobras,Petrobras,1,,,"1,400",Espirito Santo,Brazil,Brazil,,,,,,,,,,24,15,,9,DNV,330,56,,,,"312,899",C,1991,,180,212,215,,,,,380,,,110,,,,,,,109
110,1,P-62 (Formerly MT Suva),5,2014,Petrobras,Petrobras,Petrobras,1,,,"1,600",Roncador,Brazil,Brazil,,,,,"Utc Engenharia, CEE, RJ",,,,,,,,,,328,57,,,,"154,998",C,,2013,180,6,181,,,,,265,"1,600",,,,,,,,,110
111,1,P-63,10,2013,Petrobras,BW Offshore & JV Partner,Petrobras,2,,,"1,190","Papa Terra Field, BLOCK BC-20",Brazil,Brazil,"1,000",Various,BW Offshore,BW Offshore,,,COSCO,,,26,16,,10,ABS,334,58,28,8,SH,"322,912",C,1983,2013,150,35,156,,,,,340,"1,400",26,126,"F,S,I",FB,TB,SM,P,25,111
112,1,P-66,5,2017,Petrobras,Petrobras,Petrobras,1,,,"2,150",Lula Sul,Brazil,Brazil,,Doris Engr.,COOEC,,COOEC,Rio Grande,Brasfels,,,,,,,,,,,,,"252,812",N,,,150,212,185,,,,,,"1,600",,,,,,,,,112
113,1,TERRA NOVA,1,2002,Petro-Canada,Petro-Canada,Petro-Canada,1,,,94,Terra Nova,Canada,Others,470,Agra Shawmont Brown& Root,KBR/Daewoo,TNA AlliancePCL/KBR,PCL/BARMAC,Daewoo,Daewoo,,SOFEC,24,14,3,7,LR,292,46,28,19,DH,"196,000",N,1999,,32,5.4,33,,,14,,,550,2,88,F,EF/GF,TS,ET,P,,113
114,1,BERANTAI (EAST FORTUNE),10,2012,Petrofac,Petrofac,Petronas,3,L,,55,Berantai,Malaysia,SCS,,,,,,,Keppel,,,,13,,,DNV,207,32,17,,,"55,337",C,1983,2012,30,150,55,,,,,,360,,,S,,,,,,114
115,1,FPF3 (JASMINE VENTURE - MV 7),12,2004,Petrofac,Petrofac,Mubala Petroleum,3,L,,60,Jasmine,Thailand,SCS,196,MODEC/Schlumberger,MODEC,MODEC,MODEC/Hup Seng Engr.,,Jurong,Jurong,SOFEC/Framo Engr.,3,,,,ABS,248,39,21,15,SH,"106,000",C,1976,1999,20,20,23,8,,30,,,800,2,59,F,FB,TS,ET,P,6,115
116,1,ANOA NATUNA,4,1990,Premier Oil,Premier Oil,Premier Oil,1,,,77,Anoa Block A,Indonesia,SCS,216,MODEC/NATCO,MODEC,MODEC,MODEC/Applied Engr.,IHI Marine,IHI,,SOFEC,23,,,,ABS,165,39,21,14,SH,"76,200",N,1990,,70,32,75,,36,60,,85,550,6,55,S,FB,TS,ET,D,12,116
117,1,LAM SON,6,2014,PTSC/Vinson Holdings,PetroVietnam/Petronas,PetroVietnam/Petronas,4,L,,,Tang Long/Dong Do,Vietnam,SCS,,,,PTSC,,,Keppel,,,,,,,,243,42,,14,,"96,125",C,,2014,20,,20,,,,,,650,5,70,,,T,ET,,,117
118,1,MONTARA VENTURE,6,2013,PTTEP,PTTEP,PTTEP,1,,,80,"Montara, Skua, Swift, Swallow Fields",Australia,Aust,40,,,,,,,,,6,5,1,,ABS,274,43,24,,,"146,251",C,,,40,60,50,,,,,,700,,58,L,,,STP,,9,118
119,1,AJE (Front Puffin),5,2016,Rubicon Offshore,Yinka Folawiyo Petroleum,Panoro Energy,3,L,,91,"OML113 Aje Field , Benin Basin",Nigeria,W Africa,,,,,,,,,,,,,,DNV,246,43,21,8,SH,"112,046",C,1990,2007,40,40,47,,6,,40,,770,2,43,,FT,,ET,D,,119
120,1,RUBICON INTREPID,10,2008,Rubicon Offshore,Rubicon Offshore,Galoc Production Co.,3,L,,290,Galoc,Philippines,SCS,24,,,,Batam,,MMHE,,,,,,,DNV,217,32,19,13,DH,"67,436",C,1981,2007,15,40,22,,,30,,,450,,36,,FB,,ET,,,120
121,1,CIDADE DE VITORIA,11,2007,Saipem,Saipem,Petrobras,3,L,,"1,386",Golfinho,Brazil,Brazil,,,,Saipem,,,DDD,,,,,,,ABS,337,54,27,21,DH,"273,775",C,1976,2006,100,118,120,,,,50,138,"1,900",,100,F,FT,,SM,,18,121
122,1,GIMBOA,4,2009,Saipem,Saipem,Sonangol,3,L,,711,Gimboa,Angola,W Africa,,,,Saipem,Various,,DDD,,,7,3,,4,ABS,337,55,27,21,,"273,777",C,1977,2008,60,37,66,,,,60,60,"1,800",,100,,FI,,SM,,12,122
123,1,CIDADE DE ANCHIETA,8,2012,SBM Offshore,SBM Offshore,Petrobras,3,L,18,"1,221",Baleia Azul,Brazil,Brazil,,SBM Offshore,SBM Offshore,SBM Offshore,Various,,Keppel,,SBM Offshore,13,9,,4,ABS,344,52,28,22,SH,"273,000",C,1975,2011,100,,100,,70,,,110,"1,900",39,89,"S, L,",FT,TS,IT,P,10,123
124,1,CIDADE DE ILHABELA,11,2014,SBM Offshore,SBM Offshore,Petrobras,3,L,20,"2,140","Sapinhoa, Santos Basin",Brazil,Brazil,"1,600",SBM Offshore,SBM Offshore,SBM Offshore,Brasa/EBSE,,CXG,,N/A,15,8,,7,ABS,,,,,SH,"265,243",C,,2014,150,,150,210,140,,,180,"1,600",55,,,FT,TS,SM,P,,124
125,1,ASENG,11,2011,SBM Offshore & JV Partner,SBM Offshore & JV Partner,Noble Energy,3,L,15,960,Aseng,Eq Guinea,W Africa,,SBM Offshore,SBM Offshore,SBM Offshore,Various,,Keppel,,SBM Offshore,10,5,2,3,ABS,350,,,,SH,"255,502",C,,2011,80,174,109,,170,,,150,"1,661",17,100,"L,I",FT,TS,IT,P,9,125
126,1,CAPIXABA,5,2010,SBM Offshore & JV partner,SBM Offshore,Petrobras,3,L,12,"1,485",Cachalote,Brazil,Brazil,,SBM Offshore,SBM Offshore,SBM Offshore,Various,,Keppel,,SBM Offshore,10,8,,2,ABS,346,55,27,21,SH,"273,000",C,1974,2009,100,113,119,N/A,70,140,50,140,"2,038",33,96,"S, L",FT,TS,IT,P,9,126
127,1,CIDADE DE MARICA,2,2016,SBM Offshore & JV partner,SBM Offshore,Petrobras,3,L,20,"2,120",Lula Alto,Brazil,Brazil,"12,000",SBM Offshore,SBM  Offshore,SBM Offshore,Jotal (CH) - DME (SG) -Brasa/EBSE (BR),,Chengxi Shipyard (CXG),,N/A,16,9,7,,ABS,319,58,32,23,DH,"308,492",C,1999,2015,150,220,187,212,155,120,40,200,"1,600",55,140,S/L,FT,TS,SM,p,24,127
128,1,CIDADE DE PARATY,6,2013,SBM Offshore & JV Partner,SBM Offshore,Petrobras,3,L,20,"2,120",Lula NE Field,Brazil,Brazil,"8,300",SBM Offshore,SBM Offshore,SBM Offshore,Various,,"Keppel, BrasFELS",,N/A,15,,,,ABS,322,56,29,,,"240,214",C,,2013,150,210,185,,,,,150,"1,500",33,,,FT,,SM,P,,128
129,1,CIDADE DE SAQUAREMA,7,2016,SBM Offshore and JV partners,SBM Offshore & JV Partner,Petrobras,3,L,20,"2,130",Lula Central,Brazil,Brazil,"12,000",SBM Offshore,SBM Offshore,SBM Offshore,Jotal (CH) - DME (SG) - Brasa/EBSE (BR),,Chengxi Shipyard (CXG),,N/A,,,,,ABS,319,58,32,23,DH,"308,492",C,1999,2015,150,220,187,212,155,120,40,200,"1,600",55,140,S/L,FT,TS,SM,P,24,129
130,1,ESPIRITO SANTO (BC-10),7,2009,SBM Offshore & JV partner,SBM Offshore & MISC (JV),Shell,3,L,15,"1,780","BC-10, Parque das Conchas - Abalone, Ostras, Nautilus, Argonauta",Brazil,Brazil,,SBM Offshore,SBM Offshore,SBM Offshore,Various,,Keppel,,SBM Offshore,9,9,1,,ABS,331,57,28,22,DH,"392,000",C,1975,2008,100,45,108,30,45,,130,75,"2,067",21,100,"S, L, I",FT,TS,IT,P,9,130
131,1,KIKEH,8,2007,SBM Offshore & MISC (JV),SBM Offshore & MISC (JV),Murphy Oil Sabah,3,L,8,"1,350",Kikeh,Malaysia,SCS,,SBM Offshore,SBM Offshore,SBM Offshore,Various,,MMHE,,SBM Offshore,35,18,1,16,ABS,337,55,27,21,SH,"273,000",C,1974,2007,120,,120,141,,,130,292,"2,179",10,118,"S, L, I",FT,TS,ET,P,10,131
132,1,MONDO,1,2008,SBM Offshore/Sonangol (Sonasing),SBM Offshore/Sonangol (OPS),ExxonMobil,3,L,15,728,"Mondo, Block 15",Angola,W Africa,,SBM Offshore,SBM Offshore,SBM Offshore,Various,,Keppel,,SBM Offshore,17,,,,ABS,370,54,27,21,SH,"273,000",C,1975,2006,100,,100,95,95,,,125,"2,140",12,100,"L,I",FT,TS,ET,P,9,132
133,1,N'GOMA,11,2014,SBM Offshore & Sonangol (Sonasing),SBM Offshore & Sonangol (OPS),ENI,3,L,12,"1,250",Block 15-06,Angola,W Africa,,SBM Offshore,SBM Offshore,SBM Offshore,,,Keppel,,SBM Offshore,13,7,3,3,,,,,,SH,"255,900",C,,2014,100,115,119,100,70,,,110,"1,963",16,,,FT,,ET,P,,133
134,1,SAXI-BATUQUE (KIZOMBA C),7,2008,SBM Offshore & Sonangol (Sonasing),SBM Offshore & Sonangol (OPS),ExxonMobil,3,L,15,720,"Saxi & Batuque, Block 15",Angola,W Africa,,SBM Offshore,SBM Offshore,SBM Offshore,Various,,Keppel,,SBM Offshore,20,9,5,10,ABS,369,56,29,22,SH,"311,000",C,1977,2007,105,150,130,150,150,,,150,"2,431",13,100,"L,I",FT,TS,ET,P,9,134
135,1,TURRITELLA,9,2016,SBM Offshore & Partners,SBM Offshore & Partners,Shell,3,L,10,"2,900",Stones,US GOM,GOM,,SBM Offshore,SBM Offshore,SBM Offshore,Dynamac/EOL,,Keppel,,SBM Offshore,8,8,,,ABS,274,48,24,17,DH,"159,113",C,2003,2015,60,15,63,,,,,,800,8,120,S,FT,TS,BTM,D,9,135
136,1,CRYSTAL OCEAN,8,2012,Sea Production Ltd,Blue Marine,PEMEX,3,L,,170,Litorial Tabasco area,Mexico,GOM,,,,,Kvaerner Govan,Kvaerner Govan,,,,,,,,DNV,101,21,12,9,,"8,700",N,1999,,40,,40,32,,,,,42,,40,"L, F",,,,,3,136
137,1,GOLIAT,3,2016,Sevan,ENI Norge,ENI,4,L,,400,"Goliat, Barents Sea",Norway,N Sea,,Sevan Marine,Sevan Marine,Sevan Marine,,,,,,,,,,,107,107,107,31,,"71,000",N,2014,,100,39,106.5,4,,,,,"1,000",25,120,,FB,,SM,P,14,137
138,1,BONGA,11,2005,Shell,Shell,Shell,1,,,"1,250",Bonga,Nigeria,W Africa,"1,000",KBR/HES,,AMEC,AMEC,Samsung,Samsung,,,16,,,,LRS,305,58,32,23,DS,"312,500",N,2005,,170,100,187,,100,,,,"1,400",,63,S,FB,TS,SM,P,,138
139,1,CURLEW,7,2002,Shell,Shell,Shell,1,,,92,"Curlew, Kyle",UK,N Sea,98,AMEC,Odense Steel,Maersk,AMEC,,Keppel,A&P Group,SBM Offshore,4,,,,LR,236,40,20,15,DS,"99,800",C,1983,1997,45,116,64,,110,33,38,,560,7,60,"S, F",FT,TS,"IT, SM",P,9,139
140,1,FLUMINENSE FPSO,8,2003,Shell,MODEC,Shell,2,,,740,"Bijupira, Salema",Brazil,Brazil,201,MODEC/Alliance Engr.,MODEC,MODEC,MODEC/Delta,,Jurong,Jurong,SOFEC,17,11,,,ABS,411,60,28,16,DH,"355,000",C,1974,2003,70,75,83,75,,50,,92,"1,300",15,108,S,FB,TS,ET,P,9,140
141,1,SEA EAGLE (EA FPSO),1,2003,Shell,Shell,Shell,1,,,375,EA (OML 79),Nigeria,W Africa,394,KBR,Samsung,KBR,Sembawang,Samsung,Sembawang,,SBM Offshore,20,,,,LR,274,50,28,20,DS,"207,000",N,2002,,200,600,300,530,,,,,920,22,116,S,FB,TS,JSY,P,12,141
142,1,ANASURIA,10,1996,Shell/Exxon (50/50),Shell,Shell,1,,,89,"Teal, Teal South, Guillemot A, Cook",UK,N Sea,119,Stork Protech,Mitsubishi HI,SBM Offshore,AMEC,Mitsubishi,Mitsubishi,,SBM Offshore,12,7,,5,LR,226,45,24,17,DH,"131,666",N,1996,,225,65,236,,150,,,300,"2,000",,69,,FB,CB,IT,P,,142
143,1,ÅSGARD A,5,1999,Statoil,Statoil,Statoil/Saga,1,,,300,Åsgard,Norway,N Sea,"2,000",Aker/ABB,Maritime Tentech,Aker Stord,Aker Stord,Hitachi,Hitachi,,SBM Offshore,57,,,,DNV,278,45,27,19,DH,"177,808",N,1998,2010,200,,200,,,,,,920,,,,,,,,,143
144,1,NORNE,,1997,Statoil,Statoil,Statoil,1,,,380,Norne,Norway,N Sea,,Kvaerner Rosenberg,Tentech,Aker Kvaerner,Kvaerner Rosenberg,Keppel FELS,Keppel,,Kvaerner Rosenberg/SBMO,19,,,,DNV,260,41,25,19,DH,"10,000",N,1997,,225,530,313,,,,,,"2,000",,240,,,,SM,P,,144
145,1,PEREGRINO,4,2011,Statoil,BW Offshore,Statoil,2,L,5,100,Peregrino,Brazil,Brazil,500,J Ray McDermott,Cosco Dalian,Maersk,,,Keppel,,APL,37,30,,7,LR,345,58,31,21,DH,"277,450",C,2008,2010,100,13,102,,12,,233,300,"1,600",6,100,"F,L",FB,TB,IT,D,10,145
146,1,CIDADE DE ITAJAI,2,2013,Teekay / Odebrecht,Teekay Petrojarl,Petrobras,3,L,7,250,Bauna & Piracaba Fields,Brazil,Brazil,,,,,,,Jurong,,,10,5,1,4,ABS,266,43,20,,DH,"91,468",C,1985,2012,80,,80,,,,76,96,650,34,70,L,,,SM,,16,146
147,1,HUMMINGBIRD SPIRIT,9,2008,Teekay Petrojarl,Wood Group,Centrica,3,L,,120,Chestnut,UK,N Sea,235,Sevan Marine (Kanfa),Sevan Marine,Sevan Marine,,Yantai Raffles,,,NA,2,1,,1,DNV,65,,27,18,,"40,000",N,2007,,25,,25,,,,25,20,270,10,44,,,,SM,P,12,147
148,1,PETROJARL 1,2H,2017,Teekay Petrojarl,Teekay Petrojarl,QGEP,3,L,5,"1,560",Atlanta Field,Brazil,Brazil,260,,,,Damen Schiedam,,Damen Shiprepair,,,,,,,DNV,215,32,,,DH,"20,800",C,1986,2016,30,9,32,,,,6,,180,9,68,,,,ET,,,148
149,1,PETROJARL BANFF (Ramform),,1997,Teekay Petrojarl,Teekay Petrojarl,CNR,3,L,,95,Banff and Kyle Fields,UK,N Sea,,Aker Maritime,PGS,Aker Kvaerner,Aker Maritime,,Keppel,Aker McNulty,TenTech,,,,,DNV,120,54,21,13,DH,"31,498",C,1997,2001,90,7,91,72,,120,,89,120,,60,,,,IT,P,10,149
150,1,PETROJARL CIDADE de RIO das OTRAS,3,2008,Teekay Petrojarl,Petrobras,Petrobras,4,L,,77,Tartaruga Verde,Brazil,Brazil,,,,,,,AG Weser,,,,,,,DNV,197,32,16,12,DH,"45,574",C,1981,2007,25,,25,,,,12,,214,8,60,,,TB,,,12,150
151,1,PETROJARL FOINAVEN,11,1997,Teekay Petrojarl,Teekay Petrojarl,BP,3,L,,454,"Foinaven, Foinaven East",UK,N Sea,395,McDermott Int'l,Astano/Golar-Nor,Golar-Nor,Ast y Tallered del Noroeste,Astano,,,"FMC, Astano/Brown Brothers",22,,,,DNV,250,34,13,,DH,"43,276",C,1989,2008,140,,140,100,,165,120,165,202,15,70,I,GF,TS,IT,P,10,151
152,1,PETROJARL KNARR,3,2015,Teekay Offshore,Teekay,BG Group,3,L,,410,Knarr Field,Norway,N Sea,80,,,Samsung,,Samsung,,,,,,,,DNV,256,48,,,DH,"135,000",N,2014,,63,47,71,,,,84,95,800,15,100,,,,ET,,,152
153,1,PETROJARL VARG,,1999,Teekay Petrojarl,Teekay Petrojarl,Repsol,3,L,,84,Varg,Norway,N Sea,,ABB,Maritime Tentech/Keppel,Keppel,Various,Keppel,Keppel,,Keppel FELS/Kabelschlepp Metool,,,,,DNV,214,38,21,16,DH,"60,000",N,1998,2002,57,53,66,,,,57,100,470,10,77,,GF,,IT,P,10,153
154,1,PIONEIRO DE LIBRA FPSO,2H,2017,Teekay / Odebrecht,Teekay/Odebrecht,Petrobras,3,L,12,"2,000",Libra,Brazil,Brazil,12,Technip,Sembmarine,Sembmarine,Jurong,,Jurong,,LMC/OneSubsea,,,,,,310,42,,,,"136,596",C,1995,2016,50,4,51,,,,,,650,,,,,,ET,,,154
155,1,PIRANEMA SPIRIT (Sevan Piranema),10,2007,Teekay Petrojarl,Sevan Marine,Petrobras,3,L,11,"1,600",Piranema,Brazil,Brazil,76,Sevan Marine (Kanfa),Sevan Marine,Sevan Marine,Sevan Marine,Yantai Raffles,,,NA,6,3,,3,DNV,65,,27,18,DH,"13,000",N,2006,,25,127,46,,,,20,,250,25,63,,FB,,SM,P,9,155
156,1,VOYAGEUR SPIRIT,4,2013,Teekay Offshore,Voyageur LLC (Teekay Corp),E.ON Ruhrgas UK E&P,3,L,,89,Huntington,UK,N Sea,,,Sevan Marine,Sevan Marine,Keppel Verolme,Yantai Raffles,,Nymo,,,,,,DNV,66,,27,18,DH,"45,145",N,2007,2012,30,38,36,,,,42,48,270,10,54,S,FB,,SM,P,12,156
157,1,PETROLEO NAUTIPA,9,2002,Tinworth/PTE,BW Offshore,Vaalco Energy,3,L,18,142,Etame,Gabon,W Africa,23,GSI,BW Offshore,BW Offshore,BW Offshore/GSI,,Keppel,,,4,4,,,DNV,256,44,23,16,SH,"141,330",C,1975,2002,30,3,31,,,10,10,,"1,080",18,70,F,FB,TS,SM,P,8,157
158,1,ECO III,8,2010,TMM,Marecsa,PEMEX,3,L,,300,Campeche,Mexico,GOM,,,,,,,,,,,,,,ABS,135,21,10,7,,"10,306",C,,,15,32,20,,,,,,55,,54,,,,DP,,,158
159,1,TOISA PISCES,1,2002,Toisa Horizon,Secunda Marine,PEMEX,3,L,,,,Mexico,GOM,,,,Maresca,,,Ulstein Verft AS,,,,,,,DNV,104,23,9,7,DH,"7,200",C,1997,2004,20,36,26,,,4,,,24,,70,,,,DP,,,159
160,1,AKPO,3,2009,Total,Total,Total,1,,,"1,350","Akpo OPL 246, OML-130",Nigeria,W Africa,620,Technip,Technip,Technip  & HHI JV,HHI,HHI,,,,44,22,2,20,BV,310,61,,,DH,"337,000",N,2008,,240,282,287,280,,360,,375,"2,000",14,120,"I, L",FT,TS,SM,P,12,160
161,1,CLOV,6,2014,Total,Total,Total,1,,,"1,400","Block 17 - Acacia, Hortensia, Perpetua & Zinia",Angola,W Africa,500,KBR,Daewoo Shipbuilding,Daewoo Shipbuilding,,Daewoo Shipbuilding,,,,34,,,,,305,61,,,DH,"214,000",N,2013,---,160,230,198,,,,,,"1,800",,,,,,,,,161
162,1,DALIA,12,2006,Total,Total,Total,1,,,"1,360",Dalia Block 17,Angola,W Africa,940,Technip-Saipem JV,,Technip,Stolt Offshore JV,DSME/ Samsung,Samsung,,,71,34,,,ABS,322,56,29,,,"265,243",C,,,35,,35,,,,,,"2,000",14,52,F,FB,TC,SM,P,12,162
163,1,FARWAH,9,2003,Total,Exmar,Total,2,,,91,Al Jurf Block C137,Libya,W Africa,148,Doris Engr.,Izar,Exmar Offshore,SMCO/MECI,Izar,Izar,,LMC/Rolls-Royce,3,3,,,ABS,94,22,6,,,"5,214",C,,,200,150,225,,,,350,,"1,900",,,,,,SM,,,163
164,1,GIRASSOL,12,2001,Total,Total,Total,1,,,"1,400","Girassol, Jasmim Block 17, Rosa (Future)",Angola,W Africa,700,Mar Profundo Girassol,HHI,Mar Profundo Girassol,HHI,HHI,HHI,,,40,18,2,12,BV,300,60,31,23,DS,"345,000",N,1999,,60,90,75,56,,72,,79,"2,000",4,140,"I, S",FB,TC,SM,P,16,164
165,1,PAZFLOR,8,2011,Total,Total,Total,1,,,"600-1,200","Block 17 - Acacia, Hortensia, Perpetua & Zinia",Angola,W Africa,,KBR,DSME,DSME,,DSME,,,,49,25,2,22,,325,61,32,,DS,"396,000",N,2010,,160,177,190,,,,,,"2,000",17,,,,TC,SM,P,16,165
166,1,USAN,2,2012,Total,Total,Total,1,,,700-850,OML 138,Nigeria,W Africa,500,HHI,HHI,HHI,HHI,HHI,,,,42,23,10,9,BV,320,61,32,25,DH,"381,000",N,2006,,180,35,186,185,,,100,135,"2,000",7,180,"F,L",FB,TC,SM,P,16,166
167,1,KWAME NKRUMAH MV21,11,2010,Tullow Oil,MODEC,Tullow Oil,2,,,"1,100",Tano Basin,Ghana,W Africa,300,MODEC,,MODEC,Various,,Jurong,,SOFEC / Framo Eng,17,9,2,6,ABS,359,59,30,20,SH,"261,212",C,1991,2010,123,160,150,160,160,85,,230,"1,600",11,120,"I, L",FB,TS,ET,P,9,167
168,1,BA VI,2,1994,Vietsovpetro,Vietsovpetro,Vietsovpetro,1,,,48,Dragon Block 9/16,Vietnam,SCS,,,,SBM Offshore,,,Keppel,Keppel,SBM Offshore,,,,,,,,,,SH,"154,000",C,,1994,100,,100,,,,10,,"1,100",2,28,,,,CALM SY,,,168
169,1,CHI LINH,,1985,Vietsovpetro,Vietsovpetro,Vietsovpetro,1,,,50,White Tiger,Vietnam,SCS,,SBM Offshore,,,,,Keppel,Keppel,SBM Offshore,,,,,,,,,,SH,"150,000",C,,1984,70,,70,,,,,,975,2,28,,,,CALM SY,P,,169
170,1,RUBY II,3,2009,VOFT (JV MISC/PTSC),VOFT,PCVL,3,L,8,49,Blocks 01 & 02,Vietnam,SCS,140,DPS,,,MMHE,,MMHE,MMHE,MMHE,,,,,,245,41,22,,SH,"95,091",C,1990,2007,45,12,47,,12,,13,,745,8,80,,,,ET,P,9,170
171,1,NGUJIMA-YIN,8,2008,Woodside,Woodside,Woodside,1,,,340,Vincent,Australia,Aust,73,Maersk Contractors,,Maersk Contractors,Vetco Aibel,,Keppel,,APL / Buoy System,11,,,,LR,261,58,31,23,DH,"308,490",C,1999,2008,120,100,137,,,250,,230,"1,900",14,80,,FT,TS,IT,D,9,171
172,1,NORTHERN ENDEAVOUR,,1999,Woodside,Woodside,Woodside,1,,,380,"Laminaria, Corallina",Australia,Aust,209,Kvaerner-SBM Consortium,Samsung,Kvaerner-SBM Consortium,United Const/Sembawang,Samsung,Samsung,,SBM Offshore,6,5,1,,LR,273,50,28,19,DS,"177,529",N,1999,,180,60,190,20,40,126,40,,"1,400",8 (21),84,"I, L",FT,TS,IT,P,9,172
173,1,OKHA,9,2011,Woodside,Woodside,Woodside,1,,,78,"Cossack , Wanaea, Lambert",Australia,Aust,,SBMO,SBMO,SBMO,SBMO,,Keppel,,SBM Offshore,10,,,,,274,48,,,,"158,000",C,,2009,30,,30,,80,100,,,925,7,,,FB,TS,RTM,D,,173
174,1,NGANHURRA,7,2006,Woodside/Mitsui,Woodside,Woodside,1,,,400,Enfield,Australia,Aust,145,AMEC/Fluor,Samsung,,Samsung,Samsung,Samsung,,SBM Offshore,13,5,2,6,,260,46,26,18,DH,"150,000",N,2006,,100,80,113,40,40,125,,135,900,7 (11),80,I + L,FT,TS,RTM,D,9,174
175,1,ADOON,10,2006,Yinson Holdings,Yinson Holdings,Addax /Sinopec,3,L,5,37,Antan,Nigeria,W Africa,,,,,,,DDD,,,,,,,DNV,207,54,26,19,,"239,781",C,1985,2006,70,10,72,,,,,,"1,700",,,,,"TS,TC",SM,,,175
176,1,ALLAN,5,2009,Yinson Holdings,Yinson Holdings,CNRL,3,L,,100,Olowi,Gabon,W Africa,,,,Saipem,Lamprell,,DDD,,,,,,,DNV,274,44,24,17,,"145,242",C,1980,2009,35,85,49,,,,,,"1,300",,,,,T,SM,,,176
177,1,JOHN AGYEKUM KUFUOR,5,2017,Yinson Holdings,Yinson Holdings,ENI,3,L,20,"1,000",Sankofa/Gye Nyame,Ghana,W Africa,,,,,,,Keppel,,,18,,,,,333,60,,,DH,,C,,2017,58,210,93,150,,,,55,"1,400",18,,,,,SM,,,177
178,1,AL ZAAFARANA,11,1994,Zaafarana Oil Company,Aker,Zaafarana Oil Co.,2,,,60,Zaafarana Block BN 1,Egypt,Others,41,GSI,Kawasaki Dockyard,Prosafe,GSI,,Jurong,Intelligent/Engr./Keppel,Prosafe,15,11,,4,DNV,260,40,21,16,SH,"127,000",C,1969,1994,10,35,16,,,35,35,,800,7,55,"S, F",FT,TS,"IT, SM",P,9,178
,,,,,,,,,,,,,,,,,,,,,,,,,,,,,,,,,,,,,,,,,,,,,,,,,,,,,,,
,,,,,,,,,,,,,,,,,,,,,,,,,,,,,,,,,,,,,,,,,,,,,,,,,,,,,,,
,,,,,,,,,,,,,,,,,,,,,,,,,,,,,,,,,,,,,,,,,,,,,,,,,,,,,,,
,,,,,,,,,,,,,,,,,,,,,,,,,,,,,,,,,,,,,,,,,,,,,,,,,,,,,,,
,,,,,,,,,,,,,,,,,,,,,,,,,,,,,,,,,,,,,,,,,,,,,,,,,,,,,,,
,,,,,,,,,,,,,,,,,,,,,,,,,,,,,,,,,,,,,,,,,,,,,,,,,,,,,,,
,,,,,,,,,,,,,,,,,,,,,,,,,,,,,,,,,,,,,,,,,,,,,,,,,,,,,,,
,,,,,,,,,,,,,,,,,,,,,,,,,,,,,,,,,,,,,,,,,,,,,,,,,,,,,,,
,,,,,,,,,,,,,,,,,,,,,,,,,,,,,,,,,,,,,,,,,,,,,,,,,,,,,,,
,,,,,,,,,,,,,,,,,,,,,,,,,,,,,,,,,,,,,,,,,,,,,,,,,,,,,,,
,,,,,,,,,,,,,,,,,,,,,,,,,,,,,,,,,,,,,,,,,,,,,,,,,,,,,,,
,,,,,,,,,,,,,,,,,,,,,,,,,,,,,,,,,,,,,,,,,,,,,,,,,,,,,,,
,,,,,,,,,,,,,,,,,,,,,,,,,,,,,,,,,,,,,,,,,,,,,,,,,,,,,,,
,,,,,,,,,,,,,,,,,,,,,,,,,,,,,,,,,,,,,,,,,,,,,,,,,,,,,,,
,,,,,,,,,,,,,,,,,,,,,,,,,,,,,,,,,,,,,,,,,,,,,,,,,,,,,,,
,,,,,,,,,,,,,,,,,,,,,,,,,,,,,,,,,,,,,,,,,,,,,,,,,,,,,,,
,,,,,,,,,,,,,,,,,,,,,,,,,,,,,,,,,,,,,,,,,,,,,,,,,,,,,,,
,,,,,,,,,,,,,,,,,,,,,,,,,,,,,,,,,,,,,,,,,,,,,,,,,,,,,,,
,,,,,,,,,,,,,,,,,,,,,,,,,,,,,,,,,,,,,,,,,,,,,,,,,,,,,,,
,,,,,,,,,,,,,,,,,,,,,,,,,,,,,,,,,,,,,,,,,,,,,,,,,,,,,,,
,,,,,,,,,,,,,,,,,,,,,,,,,,,,,,,,,,,,,,,,,,,,,,,,,,,,,,,
,,,,,,,,,,,,,,,,,,,,,,,,,,,,,,,,,,,,,,,,,,,,,,,,,,,,,,,
,,,,,,,,,,,,,,,,,,,,,,,,,,,,,,,,,,,,,,,,,,,,,,,,,,,,,,,
,,,,,,,,,,,,,,,,,,,,,,,,,,,,,,,,,,,,,,,,,,,,,,,,,,,,,,,
,,,,,,,,,,,,,,,,,,,,,,,,,,,,,,,,,,,,,,,,,,,,,,,,,,,,,,,
,,,,,,,,,,,,,,,,,,,,,,,,,,,,,,,,,,,,,,,,,,,,,,,,,,,,,,,
,,,,,,,,,,,,,,,,,,,,,,,,,,,,,,,,,,,,,,,,,,,,,,,,,,,,,,,
,,,,,,,,,,,,,,,,,,,,,,,,,,,,,,,,,,,,,,,,,,,,,,,,,,,,,,,
,,,,,,,,,,,,,,,,,,,,,,,,,,,,,,,,,,,,,,,,,,,,,,,,,,,,,,,
,,,,,,,,,,,,,,,,,,,,,,,,,,,,,,,,,,,,,,,,,,,,,,,,,,,,,,,
,,,,,,,,,,,,,,,,,,,,,,,,,,,,,,,,,,,,,,,,,,,,,,,,,,,,,,,
,,,,,,,,,,,,,,,,,,,,,,,,,,,,,,,,,,,,,,,,,,,,,,,,,,,,,,,
,,,,,,,,,,,,,,,,,,,,,,,,,,,,,,,,,,,,,,,,,,,,,,,,,,,,,,,
,,,,,,,,,,,,,,,,,,,,,,,,,,,,,,,,,,,,,,,,,,,,,,,,,,,,,,,
,,,,,,,,,,,,,,,,,,,,,,,,,,,,,,,,,,,,,,,,,,,,,,,,,,,,,,,
,,,,,,,,,,,,,,,,,,,,,,,,,,,,,,,,,,,,,,,,,,,,,,,,,,,,,,,
,,,,,,,,,,,,,,,,,,,,,,,,,,,,,,,,,,,,,,,,,,,,,,,,,,,,,,,
,,,,,,,,,,,,,,,,,,,,,,,,,,,,,,,,,,,,,,,,,,,,,,,,,,,,,,,
,,,,,,,,,,,,,,,,,,,,,,,,,,,,,,,,,,,,,,,,,,,,,,,,,,,,,,,
,,,,,,,,,,,,,,,,,,,,,,,,,,,,,,,,,,,,,,,,,,,,,,,,,,,,,,,
,,,,,,,,,,,,,,,,,,,,,,,,,,,,,,,,,,,,,,,,,,,,,,,,,,,,,,,
,,,,,,,,,,,,,,,,,,,,,,,,,,,,,,,,,,,,,,,,,,,,,,,,,,,,,,,
,,,,,,,,,,,,,,,,,,,,,,,,,,,,,,,,,,,,,,,,,,,,,,,,,,,,,,,
,,,,,,,,,,,,,,,,,,,,,,,,,,,,,,,,,,,,,,,,,,,,,,,,,,,,,,,
,,,,,,,,,,,,,,,,,,,,,,,,,,,,,,,,,,,,,,,,,,,,,,,,,,,,,,,
,,,,,,,,,,,,,,,,,,,,,,,,,,,,,,,,,,,,,,,,,,,,,,,,,,,,,,,
,,,,,,,,,,,,,,,,,,,,,,,,,,,,,,,,,,,,,,,,,,,,,,,,,,,,,,,
,,,,,,,,,,,,,,,,,,,,,,,,,,,,,,,,,,,,,,,,,,,,,,,,,,,,,,,
,,,,,,,,,,,,,,,,,,,,,,,,,,,,,,,,,,,,,,,,,,,,,,,,,,,,,,,
,,,,,,,,,,,,,,,,,,,,,,,,,,,,,,,,,,,,,,,,,,,,,,,,,,,,,,,
,,,,,,,,,,,,,,,,,,,,,,,,,,,,,,,,,,,,,,,,,,,,,,,,,,,,,,,
,,,,,,,,,,,,,,,,,,,,,,,,,,,,,,,,,,,,,,,,,,,,,,,,,,,,,,,
,,,,,,,,,,,,,,,,,,,,,,,,,,,,,,,,,,,,,,,,,,,,,,,,,,,,,,,
,,,,,,,,,,,,,,,,,,,,,,,,,,,,,,,,,,,,,,,,,,,,,,,,,,,,,,,
,,,,,,,,,,,,,,,,,,,,,,,,,,,,,,,,,,,,,,,,,,,,,,,,,,,,,,,
,,,,,,,,,,,,,,,,,,,,,,,,,,,,,,,,,,,,,,,,,,,,,,,,,,,,,,,
,,,,,,,,,,,,,,,,,,,,,,,,,,,,,,,,,,,,,,,,,,,,,,,,,,,,,,,
,,,,,,,,,,,,,,,,,,,,,,,,,,,,,,,,,,,,,,,,,,,,,,,,,,,,,,,
,,,,,,,,,,,,,,,,,,,,,,,,,,,,,,,,,,,,,,,,,,,,,,,,,,,,,,,
,,,,,,,,,,,,,,,,,,,,,,,,,,,,,,,,,,,,,,,,,,,,,,,,,,,,,,,
,,,,,,,,,,,,,,,,,,,,,,,,,,,,,,,,,,,,,,,,,,,,,,,,,,,,,,,
,,,,,,,,,,,,,,,,,,,,,,,,,,,,,,,,,,,,,,,,,,,,,,,,,,,,,,,
,,,,,,,,,,,,,,,,,,,,,,,,,,,,,,,,,,,,,,,,,,,,,,,,,,,,,,,
,,,,,,,,,,,,,,,,,,,,,,,,,,,,,,,,,,,,,,,,,,,,,,,,,,,,,,,
,,,,,,,,,,,,,,,,,,,,,,,,,,,,,,,,,,,,,,,,,,,,,,,,,,,,,,,
,,,,,,,,,,,,,,,,,,,,,,,,,,,,,,,,,,,,,,,,,,,,,,,,,,,,,,,
,,,,,,,,,,,,,,,,,,,,,,,,,,,,,,,,,,,,,,,,,,,,,,,,,,,,,,,
,,,,,,,,,,,,,,,,,,,,,,,,,,,,,,,,,,,,,,,,,,,,,,,,,,,,,,,
,,,,,,,,,,,,,,,,,,,,,,,,,,,,,,,,,,,,,,,,,,,,,,,,,,,,,,,
,,,,,,,,,,,,,,,,,,,,,,,,,,,,,,,,,,,,,,,,,,,,,,,,,,,,,,,
,,,,,,,,,,,,,,,,,,,,,,,,,,,,,,,,,,,,,,,,,,,,,,,,,,,,,,,
,,,,,,,,,,,,,,,,,,,,,,,,,,,,,,,,,,,,,,,,,,,,,,,,,,,,,,,
,,,,,,,,,,,,,,,,,,,,,,,,,,,,,,,,,,,,,,,,,,,,,,,,,,,,,,,
,,,,,,,,,,,,,,,,,,,,,,,,,,,,,,,,,,,,,,,,,,,,,,,,,,,,,,,
,,,,,,,,,,,,,,,,,,,,,,,,,,,,,,,,,,,,,,,,,,,,,,,,,,,,,,,
,,,,,,,,,,,,,,,,,,,,,,,,,,,,,,,,,,,,,,,,,,,,,,,,,,,,,,,
,,,,,,,,,,,,,,,,,,,,,,,,,,,,,,,,,,,,,,,,,,,,,,,,,,,,,,,
,,,,,,,,,,,,,,,,,,,,,,,,,,,,,,,,,,,,,,,,,,,,,,,,,,,,,,,
,,,,,,,,,,,,,,,,,,,,,,,,,,,,,,,,,,,,,,,,,,,,,,,,,,,,,,,
,,,,,,,,,,,,,,,,,,,,,,,,,,,,,,,,,,,,,,,,,,,,,,,,,,,,,,,
,,,,,,,,,,,,,,,,,,,,,,,,,,,,,,,,,,,,,,,,,,,,,,,,,,,,,,,
,,,,,,,,,,,,,,,,,,,,,,,,,,,,,,,,,,,,,,,,,,,,,,,,,,,,,,,
,,,,,,,,,,,,,,,,,,,,,,,,,,,,,,,,,,,,,,,,,,,,,,,,,,,,,,,
,,,,,,,,,,,,,,,,,,,,,,,,,,,,,,,,,,,,,,,,,,,,,,,,,,,,,,,
,,,,,,,,,,,,,,,,,,,,,,,,,,,,,,,,,,,,,,,,,,,,,,,,,,,,,,,
,,,,,,,,,,,,,,,,,,,,,,,,,,,,,,,,,,,,,,,,,,,,,,,,,,,,,,,
,,,,,,,,,,,,,,,,,,,,,,,,,,,,,,,,,,,,,,,,,,,,,,,,,,,,,,,
,,,,,,,,,,,,,,,,,,,,,,,,,,,,,,,,,,,,,,,,,,,,,,,,,,,,,,,
,,,,,,,,,,,,,,,,,,,,,,,,,,,,,,,,,,,,,,,,,,,,,,,,,,,,,,,
,,,,,,,,,,,,,,,,,,,,,,,,,,,,,,,,,,,,,,,,,,,,,,,,,,,,,,,
,,,,,,,,,,,,,,,,,,,,,,,,,,,,,,,,,,,,,,,,,,,,,,,,,,,,,,,
,,,,,,,,,,,,,,,,,,,,,,,,,,,,,,,,,,,,,,,,,,,,,,,,,,,,,,,
,,,,,,,,,,,,,,,,,,,,,,,,,,,,,,,,,,,,,,,,,,,,,,,,,,,,,,,
,,,,,,,,,,,,,,,,,,,,,,,,,,,,,,,,,,,,,,,,,,,,,,,,,,,,,,,
,,,,,,,,,,,,,,,,,,,,,,,,,,,,,,,,,,,,,,,,,,,,,,,,,,,,,,,
,,,,,,,,,,,,,,,,,,,,,,,,,,,,,,,,,,,,,,,,,,,,,,,,,,,,,,,
,,,,,,,,,,,,,,,,,,,,,,,,,,,,,,,,,,,,,,,,,,,,,,,,,,,,,,,
,,,,,,,,,,,,,,,,,,,,,,,,,,,,,,,,,,,,,,,,,,,,,,,,,,,,,,,
,,,,,,,,,,,,,,,,,,,,,,,,,,,,,,,,,,,,,,,,,,,,,,,,,,,,,,,
,,,,,,,,,,,,,,,,,,,,,,,,,,,,,,,,,,,,,,,,,,,,,,,,,,,,,,,
,,,,,,,,,,,,,,,,,,,,,,,,,,,,,,,,,,,,,,,,,,,,,,,,,,,,,,,
,,,,,,,,,,,,,,,,,,,,,,,,,,,,,,,,,,,,,,,,,,,,,,,,,,,,,,,
,,,,,,,,,,,,,,,,,,,,,,,,,,,,,,,,,,,,,,,,,,,,,,,,,,,,,,,
,,,,,,,,,,,,,,,,,,,,,,,,,,,,,,,,,,,,,,,,,,,,,,,,,,,,,,,
,,,,,,,,,,,,,,,,,,,,,,,,,,,,,,,,,,,,,,,,,,,,,,,,,,,,,,,
,,,,,,,,,,,,,,,,,,,,,,,,,,,,,,,,,,,,,,,,,,,,,,,,,,,,,,,
,,,,,,,,,,,,,,,,,,,,,,,,,,,,,,,,,,,,,,,,,,,,,,,,,,,,,,,
,,,,,,,,,,,,,,,,,,,,,,,,,,,,,,,,,,,,,,,,,,,,,,,,,,,,,,,
,,,,,,,,,,,,,,,,,,,,,,,,,,,,,,,,,,,,,,,,,,,,,,,,,,,,,,,
,,,,,,,,,,,,,,,,,,,,,,,,,,,,,,,,,,,,,,,,,,,,,,,,,,,,,,,
,,,,,,,,,,,,,,,,,,,,,,,,,,,,,,,,,,,,,,,,,,,,,,,,,,,,,,,
,,,,,,,,,,,,,,,,,,,,,,,,,,,,,,,,,,,,,,,,,,,,,,,,,,,,,,,
,,,,,,,,,,,,,,,,,,,,,,,,,,,,,,,,,,,,,,,,,,,,,,,,,,,,,,,
,,,,,,,,,,,,,,,,,,,,,,,,,,,,,,,,,,,,,,,,,,,,,,,,,,,,,,,
,,,,,,,,,,,,,,,,,,,,,,,,,,,,,,,,,,,,,,,,,,,,,,,,,,,,,,,
,,,,,,,,,,,,,,,,,,,,,,,,,,,,,,,,,,,,,,,,,,,,,,,,,,,,,,,
,,,,,,,,,,,,,,,,,,,,,,,,,,,,,,,,,,,,,,,,,,,,,,,,,,,,,,,
,,,,,,,,,,,,,,,,,,,,,,,,,,,,,,,,,,,,,,,,,,,,,,,,,,,,,,,
,,,,,,,,,,,,,,,,,,,,,,,,,,,,,,,,,,,,,,,,,,,,,,,,,,,,,,,
,,,,,,,,,,,,,,,,,,,,,,,,,,,,,,,,,,,,,,,,,,,,,,,,,,,,,,,
,,,,,,,,,,,,,,,,,,,,,,,,,,,,,,,,,,,,,,,,,,,,,,,,,,,,,,,
,,,,,,,,,,,,,,,,,,,,,,,,,,,,,,,,,,,,,,,,,,,,,,,,,,,,,,,
,,,,,,,,,,,,,,,,,,,,,,,,,,,,,,,,,,,,,,,,,,,,,,,,,,,,,,,
,,,,,,,,,,,,,,,,,,,,,,,,,,,,,,,,,,,,,,,,,,,,,,,,,,,,,,,
,,,,,,,,,,,,,,,,,,,,,,,,,,,,,,,,,,,,,,,,,,,,,,,,,,,,,,,
,,,,,,,,,,,,,,,,,,,,,,,,,,,,,,,,,,,,,,,,,,,,,,,,,,,,,,,
,,,,,,,,,,,,,,,,,,,,,,,,,,,,,,,,,,,,,,,,,,,,,,,,,,,,,,,
,,,,,,,,,,,,,,,,,,,,,,,,,,,,,,,,,,,,,,,,,,,,,,,,,,,,,,,
,,,,,,,,,,,,,,,,,,,,,,,,,,,,,,,,,,,,,,,,,,,,,,,,,,,,,,,
,,,,,,,,,,,,,,,,,,,,,,,,,,,,,,,,,,,,,,,,,,,,,,,,,,,,,,,
,,,,,,,,,,,,,,,,,,,,,,,,,,,,,,,,,,,,,,,,,,,,,,,,,,,,,,,
,,,,,,,,,,,,,,,,,,,,,,,,,,,,,,,,,,,,,,,,,,,,,,,,,,,,,,,
,,,,,,,,,,,,,,,,,,,,,,,,,,,,,,,,,,,,,,,,,,,,,,,,,,,,,,,
,,,,,,,,,,,,,,,,,,,,,,,,,,,,,,,,,,,,,,,,,,,,,,,,,,,,,,,
,,,,,,,,,,,,,,,,,,,,,,,,,,,,,,,,,,,,,,,,,,,,,,,,,,,,,,,
,,,,,,,,,,,,,,,,,,,,,,,,,,,,,,,,,,,,,,,,,,,,,,,,,,,,,,,
,,,,,,,,,,,,,,,,,,,,,,,,,,,,,,,,,,,,,,,,,,,,,,,,,,,,,,,
,,,,,,,,,,,,,,,,,,,,,,,,,,,,,,,,,,,,,,,,,,,,,,,,,,,,,,,
,,,,,,,,,,,,,,,,,,,,,,,,,,,,,,,,,,,,,,,,,,,,,,,,,,,,,,,
,,,,,,,,,,,,,,,,,,,,,,,,,,,,,,,,,,,,,,,,,,,,,,,,,,,,,,,
,,,,,,,,,,,,,,,,,,,,,,,,,,,,,,,,,,,,,,,,,,,,,,,,,,,,,,,
,,,,,,,,,,,,,,,,,,,,,,,,,,,,,,,,,,,,,,,,,,,,,,,,,,,,,,,
,,,,,,,,,,,,,,,,,,,,,,,,,,,,,,,,,,,,,,,,,,,,,,,,,,,,,,,
,,,,,,,,,,,,,,,,,,,,,,,,,,,,,,,,,,,,,,,,,,,,,,,,,,,,,,,
,,,,,,,,,,,,,,,,,,,,,,,,,,,,,,,,,,,,,,,,,,,,,,,,,,,,,,,
,,,,,,,,,,,,,,,,,,,,,,,,,,,,,,,,,,,,,,,,,,,,,,,,,,,,,,,
,,,,,,,,,,,,,,,,,,,,,,,,,,,,,,,,,,,,,,,,,,,,,,,,,,,,,,,
,,,,,,,,,,,,,,,,,,,,,,,,,,,,,,,,,,,,,,,,,,,,,,,,,,,,,,,
,,,,,,,,,,,,,,,,,,,,,,,,,,,,,,,,,,,,,,,,,,,,,,,,,,,,,,,
,,,,,,,,,,,,,,,,,,,,,,,,,,,,,,,,,,,,,,,,,,,,,,,,,,,,,,,
,,,,,,,,,,,,,,,,,,,,,,,,,,,,,,,,,,,,,,,,,,,,,,,,,,,,,,,
,,,,,,,,,,,,,,,,,,,,,,,,,,,,,,,,,,,,,,,,,,,,,,,,,,,,,,,
,,,,,,,,,,,,,,,,,,,,,,,,,,,,,,,,,,,,,,,,,,,,,,,,,,,,,,,
,,,,,,,,,,,,,,,,,,,,,,,,,,,,,,,,,,,,,,,,,,,,,,,,,,,,,,,
,,,,,,,,,,,,,,,,,,,,,,,,,,,,,,,,,,,,,,,,,,,,,,,,,,,,,,,
,,,,,,,,,,,,,,,,,,,,,,,,,,,,,,,,,,,,,,,,,,,,,,,,,,,,,,,
,,,,,,,,,,,,,,,,,,,,,,,,,,,,,,,,,,,,,,,,,,,,,,,,,,,,,,,
,,,,,,,,,,,,,,,,,,,,,,,,,,,,,,,,,,,,,,,,,,,,,,,,,,,,,,,
,,,,,,,,,,,,,,,,,,,,,,,,,,,,,,,,,,,,,,,,,,,,,,,,,,,,,,,
,,,,,,,,,,,,,,,,,,,,,,,,,,,,,,,,,,,,,,,,,,,,,,,,,,,,,,,
,,,,,,,,,,,,,,,,,,,,,,,,,,,,,,,,,,,,,,,,,,,,,,,,,,,,,,,
,,,,,,,,,,,,,,,,,,,,,,,,,,,,,,,,,,,,,,,,,,,,,,,,,,,,,,,
,,,,,,,,,,,,,,,,,,,,,,,,,,,,,,,,,,,,,,,,,,,,,,,,,,,,,,,
,,,,,,,,,,,,,,,,,,,,,,,,,,,,,,,,,,,,,,,,,,,,,,,,,,,,,,,
,,,,,,,,,,,,,,,,,,,,,,,,,,,,,,,,,,,,,,,,,,,,,,,,,,,,,,,
,,,,,,,,,,,,,,,,,,,,,,,,,,,,,,,,,,,,,,,,,,,,,,,,,,,,,,,
,,,,,,,,,,,,,,,,,,,,,,,,,,,,,,,,,,,,,,,,,,,,,,,,,,,,,,,
,,,,,,,,,,,,,,,,,,,,,,,,,,,,,,,,,,,,,,,,,,,,,,,,,,,,,,,
,,,,,,,,,,,,,,,,,,,,,,,,,,,,,,,,,,,,,,,,,,,,,,,,,,,,,,,
,,,,,,,,,,,,,,,,,,,,,,,,,,,,,,,,,,,,,,,,,,,,,,,,,,,,,,,
,,,,,,,,,,,,,,,,,,,,,,,,,,,,,,,,,,,,,,,,,,,,,,,,,,,,,,,
,,,,,,,,,,,,,,,,,,,,,,,,,,,,,,,,,,,,,,,,,,,,,,,,,,,,,,,
,,,,,,,,,,,,,,,,,,,,,,,,,,,,,,,,,,,,,,,,,,,,,,,,,,,,,,,
,,,,,,,,,,,,,,,,,,,,,,,,,,,,,,,,,,,,,,,,,,,,,,,,,,,,,,,
,,,,,,,,,,,,,,,,,,,,,,,,,,,,,,,,,,,,,,,,,,,,,,,,,,,,,,,
,,,,,,,,,,,,,,,,,,,,,,,,,,,,,,,,,,,,,,,,,,,,,,,,,,,,,,,
,,,,,,,,,,,,,,,,,,,,,,,,,,,,,,,,,,,,,,,,,,,,,,,,,,,,,,,
,,,,,,,,,,,,,,,,,,,,,,,,,,,,,,,,,,,,,,,,,,,,,,,,,,,,,,,
,,,,,,,,,,,,,,,,,,,,,,,,,,,,,,,,,,,,,,,,,,,,,,,,,,,,,,,
,,,,,,,,,,,,,,,,,,,,,,,,,,,,,,,,,,,,,,,,,,,,,,,,,,,,,,,
,,,,,,,,,,,,,,,,,,,,,,,,,,,,,,,,,,,,,,,,,,,,,,,,,,,,,,,
,,,,,,,,,,,,,,,,,,,,,,,,,,,,,,,,,,,,,,,,,,,,,,,,,,,,,,,
,,,,,,,,,,,,,,,,,,,,,,,,,,,,,,,,,,,,,,,,,,,,,,,,,,,,,,,
,,,,,,,,,,,,,,,,,,,,,,,,,,,,,,,,,,,,,,,,,,,,,,,,,,,,,,,
,,,,,,,,,,,,,,,,,,,,,,,,,,,,,,,,,,,,,,,,,,,,,,,,,,,,,,,
,,,,,,,,,,,,,,,,,,,,,,,,,,,,,,,,,,,,,,,,,,,,,,,,,,,,,,,
,,,,,,,,,,,,,,,,,,,,,,,,,,,,,,,,,,,,,,,,,,,,,,,,,,,,,,,
,,,,,,,,,,,,,,,,,,,,,,,,,,,,,,,,,,,,,,,,,,,,,,,,,,,,,,,
,,,,,,,,,,,,,,,,,,,,,,,,,,,,,,,,,,,,,,,,,,,,,,,,,,,,,,,
,,,,,,,,,,,,,,,,,,,,,,,,,,,,,,,,,,,,,,,,,,,,,,,,,,,,,,,
,,,,,,,,,,,,,,,,,,,,,,,,,,,,,,,,,,,,,,,,,,,,,,,,,,,,,,,
,,,,,,,,,,,,,,,,,,,,,,,,,,,,,,,,,,,,,,,,,,,,,,,,,,,,,,,
,,,,,,,,,,,,,,,,,,,,,,,,,,,,,,,,,,,,,,,,,,,,,,,,,,,,,,,
,,,,,,,,,,,,,,,,,,,,,,,,,,,,,,,,,,,,,,,,,,,,,,,,,,,,,,,
,,,,,,,,,,,,,,,,,,,,,,,,,,,,,,,,,,,,,,,,,,,,,,,,,,,,,,,
,,,,,,,,,,,,,,,,,,,,,,,,,,,,,,,,,,,,,,,,,,,,,,,,,,,,,,,
,,,,,,,,,,,,,,,,,,,,,,,,,,,,,,,,,,,,,,,,,,,,,,,,,,,,,,,
,,,,,,,,,,,,,,,,,,,,,,,,,,,,,,,,,,,,,,,,,,,,,,,,,,,,,,,
,,,,,,,,,,,,,,,,,,,,,,,,,,,,,,,,,,,,,,,,,,,,,,,,,,,,,,,
,,,,,,,,,,,,,,,,,,,,,,,,,,,,,,,,,,,,,,,,,,,,,,,,,,,,,,,
,,,,,,,,,,,,,,,,,,,,,,,,,,,,,,,,,,,,,,,,,,,,,,,,,,,,,,,
,,,,,,,,,,,,,,,,,,,,,,,,,,,,,,,,,,,,,,,,,,,,,,,,,,,,,,,
,,,,,,,,,,,,,,,,,,,,,,,,,,,,,,,,,,,,,,,,,,,,,,,,,,,,,,,
,,,,,,,,,,,,,,,,,,,,,,,,,,,,,,,,,,,,,,,,,,,,,,,,,,,,,,,
,,,,,,,,,,,,,,,,,,,,,,,,,,,,,,,,,,,,,,,,,,,,,,,,,,,,,,,
,,,,,,,,,,,,,,,,,,,,,,,,,,,,,,,,,,,,,,,,,,,,,,,,,,,,,,,
,,,,,,,,,,,,,,,,,,,,,,,,,,,,,,,,,,,,,,,,,,,,,,,,,,,,,,,
,,,,,,,,,,,,,,,,,,,,,,,,,,,,,,,,,,,,,,,,,,,,,,,,,,,,,,,
,,,,,,,,,,,,,,,,,,,,,,,,,,,,,,,,,,,,,,,,,,,,,,,,,,,,,,,
,,,,,,,,,,,,,,,,,,,,,,,,,,,,,,,,,,,,,,,,,,,,,,,,,,,,,,,
,,,,,,,,,,,,,,,,,,,,,,,,,,,,,,,,,,,,,,,,,,,,,,,,,,,,,,,
,,,,,,,,,,,,,,,,,,,,,,,,,,,,,,,,,,,,,,,,,,,,,,,,,,,,,,,
,,,,,,,,,,,,,,,,,,,,,,,,,,,,,,,,,,,,,,,,,,,,,,,,,,,,,,,
,,,,,,,,,,,,,,,,,,,,,,,,,,,,,,,,,,,,,,,,,,,,,,,,,,,,,,,
,,,,,,,,,,,,,,,,,,,,,,,,,,,,,,,,,,,,,,,,,,,,,,,,,,,,,,,
,,,,,,,,,,,,,,,,,,,,,,,,,,,,,,,,,,,,,,,,,,,,,,,,,,,,,,,
,,,,,,,,,,,,,,,,,,,,,,,,,,,,,,,,,,,,,,,,,,,,,,,,,,,,,,,
,,,,,,,,,,,,,,,,,,,,,,,,,,,,,,,,,,,,,,,,,,,,,,,,,,,,,,,
,,,,,,,,,,,,,,,,,,,,,,,,,,,,,,,,,,,,,,,,,,,,,,,,,,,,,,,
,,,,,,,,,,,,,,,,,,,,,,,,,,,,,,,,,,,,,,,,,,,,,,,,,,,,,,,
,,,,,,,,,,,,,,,,,,,,,,,,,,,,,,,,,,,,,,,,,,,,,,,,,,,,,,,
,,,,,,,,,,,,,,,,,,,,,,,,,,,,,,,,,,,,,,,,,,,,,,,,,,,,,,,
,,,,,,,,,,,,,,,,,,,,,,,,,,,,,,,,,,,,,,,,,,,,,,,,,,,,,,,
,,,,,,,,,,,,,,,,,,,,,,,,,,,,,,,,,,,,,,,,,,,,,,,,,,,,,,,
,,,,,,,,,,,,,,,,,,,,,,,,,,,,,,,,,,,,,,,,,,,,,,,,,,,,,,,
,,,,,,,,,,,,,,,,,,,,,,,,,,,,,,,,,,,,,,,,,,,,,,,,,,,,,,,
,,,,,,,,,,,,,,,,,,,,,,,,,,,,,,,,,,,,,,,,,,,,,,,,,,,,,,,
,,,,,,,,,,,,,,,,,,,,,,,,,,,,,,,,,,,,,,,,,,,,,,,,,,,,,,,
,,,,,,,,,,,,,,,,,,,,,,,,,,,,,,,,,,,,,,,,,,,,,,,,,,,,,,,
,,,,,,,,,,,,,,,,,,,,,,,,,,,,,,,,,,,,,,,,,,,,,,,,,,,,,,,
,,,,,,,,,,,,,,,,,,,,,,,,,,,,,,,,,,,,,,,,,,,,,,,,,,,,,,,
,,,,,,,,,,,,,,,,,,,,,,,,,,,,,,,,,,,,,,,,,,,,,,,,,,,,,,,
,,,,,,,,,,,,,,,,,,,,,,,,,,,,,,,,,,,,,,,,,,,,,,,,,,,,,,,
,,,,,,,,,,,,,,,,,,,,,,,,,,,,,,,,,,,,,,,,,,,,,,,,,,,,,,,
,,,,,,,,,,,,,,,,,,,,,,,,,,,,,,,,,,,,,,,,,,,,,,,,,,,,,,,
,,,,,,,,,,,,,,,,,,,,,,,,,,,,,,,,,,,,,,,,,,,,,,,,,,,,,,,
,,,,,,,,,,,,,,,,,,,,,,,,,,,,,,,,,,,,,,,,,,,,,,,,,,,,,,,
,,,,,,,,,,,,,,,,,,,,,,,,,,,,,,,,,,,,,,,,,,,,,,,,,,,,,,,
,,,,,,,,,,,,,,,,,,,,,,,,,,,,,,,,,,,,,,,,,,,,,,,,,,,,,,,
,,,,,,,,,,,,,,,,,,,,,,,,,,,,,,,,,,,,,,,,,,,,,,,,,,,,,,,
,,,,,,,,,,,,,,,,,,,,,,,,,,,,,,,,,,,,,,,,,,,,,,,,,,,,,,,
,,,,,,,,,,,,,,,,,,,,,,,,,,,,,,,,,,,,,,,,,,,,,,,,,,,,,,,
,,,,,,,,,,,,,,,,,,,,,,,,,,,,,,,,,,,,,,,,,,,,,,,,,,,,,,,
,,,,,,,,,,,,,,,,,,,,,,,,,,,,,,,,,,,,,,,,,,,,,,,,,,,,,,,
,,,,,,,,,,,,,,,,,,,,,,,,,,,,,,,,,,,,,,,,,,,,,,,,,,,,,,,
,,,,,,,,,,,,,,,,,,,,,,,,,,,,,,,,,,,,,,,,,,,,,,,,,,,,,,,
,,,,,,,,,,,,,,,,,,,,,,,,,,,,,,,,,,,,,,,,,,,,,,,,,,,,,,,
,,,,,,,,,,,,,,,,,,,,,,,,,,,,,,,,,,,,,,,,,,,,,,,,,,,,,,,
,,,,,,,,,,,,,,,,,,,,,,,,,,,,,,,,,,,,,,,,,,,,,,,,,,,,,,,
,,,,,,,,,,,,,,,,,,,,,,,,,,,,,,,,,,,,,,,,,,,,,,,,,,,,,,,
,,,,,,,,,,,,,,,,,,,,,,,,,,,,,,,,,,,,,,,,,,,,,,,,,,,,,,,
,,,,,,,,,,,,,,,,,,,,,,,,,,,,,,,,,,,,,,,,,,,,,,,,,,,,,,,
,,,,,,,,,,,,,,,,,,,,,,,,,,,,,,,,,,,,,,,,,,,,,,,,,,,,,,,
,,,,,,,,,,,,,,,,,,,,,,,,,,,,,,,,,,,,,,,,,,,,,,,,,,,,,,,
,,,,,,,,,,,,,,,,,,,,,,,,,,,,,,,,,,,,,,,,,,,,,,,,,,,,,,,
,,,,,,,,,,,,,,,,,,,,,,,,,,,,,,,,,,,,,,,,,,,,,,,,,,,,,,,
,,,,,,,,,,,,,,,,,,,,,,,,,,,,,,,,,,,,,,,,,,,,,,,,,,,,,,,
,,,,,,,,,,,,,,,,,,,,,,,,,,,,,,,,,,,,,,,,,,,,,,,,,,,,,,,
,,,,,,,,,,,,,,,,,,,,,,,,,,,,,,,,,,,,,,,,,,,,,,,,,,,,,,,
,,,,,,,,,,,,,,,,,,,,,,,,,,,,,,,,,,,,,,,,,,,,,,,,,,,,,,,
,,,,,,,,,,,,,,,,,,,,,,,,,,,,,,,,,,,,,,,,,,,,,,,,,,,,,,,
,,,,,,,,,,,,,,,,,,,,,,,,,,,,,,,,,,,,,,,,,,,,,,,,,,,,,,,
,,,,,,,,,,,,,,,,,,,,,,,,,,,,,,,,,,,,,,,,,,,,,,,,,,,,,,,
,,,,,,,,,,,,,,,,,,,,,,,,,,,,,,,,,,,,,,,,,,,,,,,,,,,,,,,
,,,,,,,,,,,,,,,,,,,,,,,,,,,,,,,,,,,,,,,,,,,,,,,,,,,,,,,
,,,,,,,,,,,,,,,,,,,,,,,,,,,,,,,,,,,,,,,,,,,,,,,,,,,,,,,
,,,,,,,,,,,,,,,,,,,,,,,,,,,,,,,,,,,,,,,,,,,,,,,,,,,,,,,
,,,,,,,,,,,,,,,,,,,,,,,,,,,,,,,,,,,,,,,,,,,,,,,,,,,,,,,
,,,,,,,,,,,,,,,,,,,,,,,,,,,,,,,,,,,,,,,,,,,,,,,,,,,,,,,
,,,,,,,,,,,,,,,,,,,,,,,,,,,,,,,,,,,,,,,,,,,,,,,,,,,,,,,
,,,,,,,,,,,,,,,,,,,,,,,,,,,,,,,,,,,,,,,,,,,,,,,,,,,,,,,
,,,,,,,,,,,,,,,,,,,,,,,,,,,,,,,,,,,,,,,,,,,,,,,,,,,,,,,
,,,,,,,,,,,,,,,,,,,,,,,,,,,,,,,,,,,,,,,,,,,,,,,,,,,,,,,
,,,,,,,,,,,,,,,,,,,,,,,,,,,,,,,,,,,,,,,,,,,,,,,,,,,,,,,
,,,,,,,,,,,,,,,,,,,,,,,,,,,,,,,,,,,,,,,,,,,,,,,,,,,,,,,
,,,,,,,,,,,,,,,,,,,,,,,,,,,,,,,,,,,,,,,,,,,,,,,,,,,,,,,
,,,,,,,,,,,,,,,,,,,,,,,,,,,,,,,,,,,,,,,,,,,,,,,,,,,,,,,
,,,,,,,,,,,,,,,,,,,,,,,,,,,,,,,,,,,,,,,,,,,,,,,,,,,,,,,
,,,,,,,,,,,,,,,,,,,,,,,,,,,,,,,,,,,,,,,,,,,,,,,,,,,,,,,
,,,,,,,,,,,,,,,,,,,,,,,,,,,,,,,,,,,,,,,,,,,,,,,,,,,,,,,
,,,,,,,,,,,,,,,,,,,,,,,,,,,,,,,,,,,,,,,,,,,,,,,,,,,,,,,
,,,,,,,,,,,,,,,,,,,,,,,,,,,,,,,,,,,,,,,,,,,,,,,,,,,,,,,
,,,,,,,,,,,,,,,,,,,,,,,,,,,,,,,,,,,,,,,,,,,,,,,,,,,,,,,
,,,,,,,,,,,,,,,,,,,,,,,,,,,,,,,,,,,,,,,,,,,,,,,,,,,,,,,
,,,,,,,,,,,,,,,,,,,,,,,,,,,,,,,,,,,,,,,,,,,,,,,,,,,,,,,
,,,,,,,,,,,,,,,,,,,,,,,,,,,,,,,,,,,,,,,,,,,,,,,,,,,,,,,
,,,,,,,,,,,,,,,,,,,,,,,,,,,,,,,,,,,,,,,,,,,,,,,,,,,,,,,
,,,,,,,,,,,,,,,,,,,,,,,,,,,,,,,,,,,,,,,,,,,,,,,,,,,,,,,
,,,,,,,,,,,,,,,,,,,,,,,,,,,,,,,,,,,,,,,,,,,,,,,,,,,,,,,
,,,,,,,,,,,,,,,,,,,,,,,,,,,,,,,,,,,,,,,,,,,,,,,,,,,,,,,
,,,,,,,,,,,,,,,,,,,,,,,,,,,,,,,,,,,,,,,,,,,,,,,,,,,,,,,
,,,,,,,,,,,,,,,,,,,,,,,,,,,,,,,,,,,,,,,,,,,,,,,,,,,,,,,
,,,,,,,,,,,,,,,,,,,,,,,,,,,,,,,,,,,,,,,,,,,,,,,,,,,,,,,
,,,,,,,,,,,,,,,,,,,,,,,,,,,,,,,,,,,,,,,,,,,,,,,,,,,,,,,
,,,,,,,,,,,,,,,,,,,,,,,,,,,,,,,,,,,,,,,,,,,,,,,,,,,,,,,
,,,,,,,,,,,,,,,,,,,,,,,,,,,,,,,,,,,,,,,,,,,,,,,,,,,,,,,
,,,,,,,,,,,,,,,,,,,,,,,,,,,,,,,,,,,,,,,,,,,,,,,,,,,,,,,
,,,,,,,,,,,,,,,,,,,,,,,,,,,,,,,,,,,,,,,,,,,,,,,,,,,,,,,
,,,,,,,,,,,,,,,,,,,,,,,,,,,,,,,,,,,,,,,,,,,,,,,,,,,,,,,
,,,,,,,,,,,,,,,,,,,,,,,,,,,,,,,,,,,,,,,,,,,,,,,,,,,,,,,
,,,,,,,,,,,,,,,,,,,,,,,,,,,,,,,,,,,,,,,,,,,,,,,,,,,,,,,
,,,,,,,,,,,,,,,,,,,,,,,,,,,,,,,,,,,,,,,,,,,,,,,,,,,,,,,
,,,,,,,,,,,,,,,,,,,,,,,,,,,,,,,,,,,,,,,,,,,,,,,,,,,,,,,
,,,,,,,,,,,,,,,,,,,,,,,,,,,,,,,,,,,,,,,,,,,,,,,,,,,,,,,
,,,,,,,,,,,,,,,,,,,,,,,,,,,,,,,,,,,,,,,,,,,,,,,,,,,,,,,
,,,,,,,,,,,,,,,,,,,,,,,,,,,,,,,,,,,,,,,,,,,,,,,,,,,,,,,
,,,,,,,,,,,,,,,,,,,,,,,,,,,,,,,,,,,,,,,,,,,,,,,,,,,,,,,
,,,,,,,,,,,,,,,,,,,,,,,,,,,,,,,,,,,,,,,,,,,,,,,,,,,,,,,
,,,,,,,,,,,,,,,,,,,,,,,,,,,,,,,,,,,,,,,,,,,,,,,,,,,,,,,
,,,,,,,,,,,,,,,,,,,,,,,,,,,,,,,,,,,,,,,,,,,,,,,,,,,,,,,
,,,,,,,,,,,,,,,,,,,,,,,,,,,,,,,,,,,,,,,,,,,,,,,,,,,,,,,
,,,,,,,,,,,,,,,,,,,,,,,,,,,,,,,,,,,,,,,,,,,,,,,,,,,,,,,
,,,,,,,,,,,,,,,,,,,,,,,,,,,,,,,,,,,,,,,,,,,,,,,,,,,,,,,
,,,,,,,,,,,,,,,,,,,,,,,,,,,,,,,,,,,,,,,,,,,,,,,,,,,,,,,
,,,,,,,,,,,,,,,,,,,,,,,,,,,,,,,,,,,,,,,,,,,,,,,,,,,,,,,
,,,,,,,,,,,,,,,,,,,,,,,,,,,,,,,,,,,,,,,,,,,,,,,,,,,,,,,
,,,,,,,,,,,,,,,,,,,,,,,,,,,,,,,,,,,,,,,,,,,,,,,,,,,,,,,
,,,,,,,,,,,,,,,,,,,,,,,,,,,,,,,,,,,,,,,,,,,,,,,,,,,,,,,
,,,,,,,,,,,,,,,,,,,,,,,,,,,,,,,,,,,,,,,,,,,,,,,,,,,,,,,
,,,,,,,,,,,,,,,,,,,,,,,,,,,,,,,,,,,,,,,,,,,,,,,,,,,,,,,
,,,,,,,,,,,,,,,,,,,,,,,,,,,,,,,,,,,,,,,,,,,,,,,,,,,,,,,
,,,,,,,,,,,,,,,,,,,,,,,,,,,,,,,,,,,,,,,,,,,,,,,,,,,,,,,
,,,,,,,,,,,,,,,,,,,,,,,,,,,,,,,,,,,,,,,,,,,,,,,,,,,,,,,
,,,,,,,,,,,,,,,,,,,,,,,,,,,,,,,,,,,,,,,,,,,,,,,,,,,,,,,
,,,,,,,,,,,,,,,,,,,,,,,,,,,,,,,,,,,,,,,,,,,,,,,,,,,,,,,
,,,,,,,,,,,,,,,,,,,,,,,,,,,,,,,,,,,,,,,,,,,,,,,,,,,,,,,
,,,,,,,,,,,,,,,,,,,,,,,,,,,,,,,,,,,,,,,,,,,,,,,,,,,,,,,
,,,,,,,,,,,,,,,,,,,,,,,,,,,,,,,,,,,,,,,,,,,,,,,,,,,,,,,
,,,,,,,,,,,,,,,,,,,,,,,,,,,,,,,,,,,,,,,,,,,,,,,,,,,,,,,
,,,,,,,,,,,,,,,,,,,,,,,,,,,,,,,,,,,,,,,,,,,,,,,,,,,,,,,
,,,,,,,,,,,,,,,,,,,,,,,,,,,,,,,,,,,,,,,,,,,,,,,,,,,,,,,
,,,,,,,,,,,,,,,,,,,,,,,,,,,,,,,,,,,,,,,,,,,,,,,,,,,,,,,
,,,,,,,,,,,,,,,,,,,,,,,,,,,,,,,,,,,,,,,,,,,,,,,,,,,,,,,
,,,,,,,,,,,,,,,,,,,,,,,,,,,,,,,,,,,,,,,,,,,,,,,,,,,,,,,
,,,,,,,,,,,,,,,,,,,,,,,,,,,,,,,,,,,,,,,,,,,,,,,,,,,,,,,
,,,,,,,,,,,,,,,,,,,,,,,,,,,,,,,,,,,,,,,,,,,,,,,,,,,,,,,
,,,,,,,,,,,,,,,,,,,,,,,,,,,,,,,,,,,,,,,,,,,,,,,,,,,,,,,
,,,,,,,,,,,,,,,,,,,,,,,,,,,,,,,,,,,,,,,,,,,,,,,,,,,,,,,
,,,,,,,,,,,,,,,,,,,,,,,,,,,,,,,,,,,,,,,,,,,,,,,,,,,,,,,
,,,,,,,,,,,,,,,,,,,,,,,,,,,,,,,,,,,,,,,,,,,,,,,,,,,,,,,
,,,,,,,,,,,,,,,,,,,,,,,,,,,,,,,,,,,,,,,,,,,,,,,,,,,,,,,
,,,,,,,,,,,,,,,,,,,,,,,,,,,,,,,,,,,,,,,,,,,,,,,,,,,,,,,
,,,,,,,,,,,,,,,,,,,,,,,,,,,,,,,,,,,,,,,,,,,,,,,,,,,,,,,
,,,,,,,,,,,,,,,,,,,,,,,,,,,,,,,,,,,,,,,,,,,,,,,,,,,,,,,
,,,,,,,,,,,,,,,,,,,,,,,,,,,,,,,,,,,,,,,,,,,,,,,,,,,,,,,
,,,,,,,,,,,,,,,,,,,,,,,,,,,,,,,,,,,,,,,,,,,,,,,,,,,,,,,
,,,,,,,,,,,,,,,,,,,,,,,,,,,,,,,,,,,,,,,,,,,,,,,,,,,,,,,
,,,,,,,,,,,,,,,,,,,,,,,,,,,,,,,,,,,,,,,,,,,,,,,,,,,,,,,
,,,,,,,,,,,,,,,,,,,,,,,,,,,,,,,,,,,,,,,,,,,,,,,,,,,,,,,
,,,,,,,,,,,,,,,,,,,,,,,,,,,,,,,,,,,,,,,,,,,,,,,,,,,,,,,
,,,,,,,,,,,,,,,,,,,,,,,,,,,,,,,,,,,,,,,,,,,,,,,,,,,,,,,
,,,,,,,,,,,,,,,,,,,,,,,,,,,,,,,,,,,,,,,,,,,,,,,,,,,,,,,
,,,,,,,,,,,,,,,,,,,,,,,,,,,,,,,,,,,,,,,,,,,,,,,,,,,,,,,
,,,,,,,,,,,,,,,,,,,,,,,,,,,,,,,,,,,,,,,,,,,,,,,,,,,,,,,
,,,,,,,,,,,,,,,,,,,,,,,,,,,,,,,,,,,,,,,,,,,,,,,,,,,,,,,
,,,,,,,,,,,,,,,,,,,,,,,,,,,,,,,,,,,,,,,,,,,,,,,,,,,,,,,
,,,,,,,,,,,,,,,,,,,,,,,,,,,,,,,,,,,,,,,,,,,,,,,,,,,,,,,
,,,,,,,,,,,,,,,,,,,,,,,,,,,,,,,,,,,,,,,,,,,,,,,,,,,,,,,
,,,,,,,,,,,,,,,,,,,,,,,,,,,,,,,,,,,,,,,,,,,,,,,,,,,,,,,
,,,,,,,,,,,,,,,,,,,,,,,,,,,,,,,,,,,,,,,,,,,,,,,,,,,,,,,
,,,,,,,,,,,,,,,,,,,,,,,,,,,,,,,,,,,,,,,,,,,,,,,,,,,,,,,
,,,,,,,,,,,,,,,,,,,,,,,,,,,,,,,,,,,,,,,,,,,,,,,,,,,,,,,
,,,,,,,,,,,,,,,,,,,,,,,,,,,,,,,,,,,,,,,,,,,,,,,,,,,,,,,
,,,,,,,,,,,,,,,,,,,,,,,,,,,,,,,,,,,,,,,,,,,,,,,,,,,,,,,
,,,,,,,,,,,,,,,,,,,,,,,,,,,,,,,,,,,,,,,,,,,,,,,,,,,,,,,
,,,,,,,,,,,,,,,,,,,,,,,,,,,,,,,,,,,,,,,,,,,,,,,,,,,,,,,
,,,,,,,,,,,,,,,,,,,,,,,,,,,,,,,,,,,,,,,,,,,,,,,,,,,,,,,
,,,,,,,,,,,,,,,,,,,,,,,,,,,,,,,,,,,,,,,,,,,,,,,,,,,,,,,
,,,,,,,,,,,,,,,,,,,,,,,,,,,,,,,,,,,,,,,,,,,,,,,,,,,,,,,
,,,,,,,,,,,,,,,,,,,,,,,,,,,,,,,,,,,,,,,,,,,,,,,,,,,,,,,
,,,,,,,,,,,,,,,,,,,,,,,,,,,,,,,,,,,,,,,,,,,,,,,,,,,,,,,
,,,,,,,,,,,,,,,,,,,,,,,,,,,,,,,,,,,,,,,,,,,,,,,,,,,,,,,
,,,,,,,,,,,,,,,,,,,,,,,,,,,,,,,,,,,,,,,,,,,,,,,,,,,,,,,
,,,,,,,,,,,,,,,,,,,,,,,,,,,,,,,,,,,,,,,,,,,,,,,,,,,,,,,
,,,,,,,,,,,,,,,,,,,,,,,,,,,,,,,,,,,,,,,,,,,,,,,,,,,,,,,
,,,,,,,,,,,,,,,,,,,,,,,,,,,,,,,,,,,,,,,,,,,,,,,,,,,,,,,
,,,,,,,,,,,,,,,,,,,,,,,,,,,,,,,,,,,,,,,,,,,,,,,,,,,,,,,
,,,,,,,,,,,,,,,,,,,,,,,,,,,,,,,,,,,,,,,,,,,,,,,,,,,,,,,
,,,,,,,,,,,,,,,,,,,,,,,,,,,,,,,,,,,,,,,,,,,,,,,,,,,,,,,
,,,,,,,,,,,,,,,,,,,,,,,,,,,,,,,,,,,,,,,,,,,,,,,,,,,,,,,
,,,,,,,,,,,,,,,,,,,,,,,,,,,,,,,,,,,,,,,,,,,,,,,,,,,,,,,
,,,,,,,,,,,,,,,,,,,,,,,,,,,,,,,,,,,,,,,,,,,,,,,,,,,,,,,
,,,,,,,,,,,,,,,,,,,,,,,,,,,,,,,,,,,,,,,,,,,,,,,,,,,,,,,
,,,,,,,,,,,,,,,,,,,,,,,,,,,,,,,,,,,,,,,,,,,,,,,,,,,,,,,
,,,,,,,,,,,,,,,,,,,,,,,,,,,,,,,,,,,,,,,,,,,,,,,,,,,,,,,
,,,,,,,,,,,,,,,,,,,,,,,,,,,,,,,,,,,,,,,,,,,,,,,,,,,,,,,
,,,,,,,,,,,,,,,,,,,,,,,,,,,,,,,,,,,,,,,,,,,,,,,,,,,,,,,
,,,,,,,,,,,,,,,,,,,,,,,,,,,,,,,,,,,,,,,,,,,,,,,,,,,,,,,
,,,,,,,,,,,,,,,,,,,,,,,,,,,,,,,,,,,,,,,,,,,,,,,,,,,,,,,
,,,,,,,,,,,,,,,,,,,,,,,,,,,,,,,,,,,,,,,,,,,,,,,,,,,,,,,
,,,,,,,,,,,,,,,,,,,,,,,,,,,,,,,,,,,,,,,,,,,,,,,,,,,,,,,
,,,,,,,,,,,,,,,,,,,,,,,,,,,,,,,,,,,,,,,,,,,,,,,,,,,,,,,
,,,,,,,,,,,,,,,,,,,,,,,,,,,,,,,,,,,,,,,,,,,,,,,,,,,,,,,
,,,,,,,,,,,,,,,,,,,,,,,,,,,,,,,,,,,,,,,,,,,,,,,,,,,,,,,
,,,,,,,,,,,,,,,,,,,,,,,,,,,,,,,,,,,,,,,,,,,,,,,,,,,,,,,
,,,,,,,,,,,,,,,,,,,,,,,,,,,,,,,,,,,,,,,,,,,,,,,,,,,,,,,
,,,,,,,,,,,,,,,,,,,,,,,,,,,,,,,,,,,,,,,,,,,,,,,,,,,,,,,
,,,,,,,,,,,,,,,,,,,,,,,,,,,,,,,,,,,,,,,,,,,,,,,,,,,,,,,
,,,,,,,,,,,,,,,,,,,,,,,,,,,,,,,,,,,,,,,,,,,,,,,,,,,,,,,
,,,,,,,,,,,,,,,,,,,,,,,,,,,,,,,,,,,,,,,,,,,,,,,,,,,,,,,
,,,,,,,,,,,,,,,,,,,,,,,,,,,,,,,,,,,,,,,,,,,,,,,,,,,,,,,
,,,,,,,,,,,,,,,,,,,,,,,,,,,,,,,,,,,,,,,,,,,,,,,,,,,,,,,
,,,,,,,,,,,,,,,,,,,,,,,,,,,,,,,,,,,,,,,,,,,,,,,,,,,,,,,
,,,,,,,,,,,,,,,,,,,,,,,,,,,,,,,,,,,,,,,,,,,,,,,,,,,,,,,
,,,,,,,,,,,,,,,,,,,,,,,,,,,,,,,,,,,,,,,,,,,,,,,,,,,,,,,
,,,,,,,,,,,,,,,,,,,,,,,,,,,,,,,,,,,,,,,,,,,,,,,,,,,,,,,
,,,,,,,,,,,,,,,,,,,,,,,,,,,,,,,,,,,,,,,,,,,,,,,,,,,,,,,
,,,,,,,,,,,,,,,,,,,,,,,,,,,,,,,,,,,,,,,,,,,,,,,,,,,,,,,
,,,,,,,,,,,,,,,,,,,,,,,,,,,,,,,,,,,,,,,,,,,,,,,,,,,,,,,
,,,,,,,,,,,,,,,,,,,,,,,,,,,,,,,,,,,,,,,,,,,,,,,,,,,,,,,
,,,,,,,,,,,,,,,,,,,,,,,,,,,,,,,,,,,,,,,,,,,,,,,,,,,,,,,
,,,,,,,,,,,,,,,,,,,,,,,,,,,,,,,,,,,,,,,,,,,,,,,,,,,,,,,
,,,,,,,,,,,,,,,,,,,,,,,,,,,,,,,,,,,,,,,,,,,,,,,,,,,,,,,
,,,,,,,,,,,,,,,,,,,,,,,,,,,,,,,,,,,,,,,,,,,,,,,,,,,,,,,
,,,,,,,,,,,,,,,,,,,,,,,,,,,,,,,,,,,,,,,,,,,,,,,,,,,,,,,
,,,,,,,,,,,,,,,,,,,,,,,,,,,,,,,,,,,,,,,,,,,,,,,,,,,,,,,
,,,,,,,,,,,,,,,,,,,,,,,,,,,,,,,,,,,,,,,,,,,,,,,,,,,,,,,
,,,,,,,,,,,,,,,,,,,,,,,,,,,,,,,,,,,,,,,,,,,,,,,,,,,,,,,
,,,,,,,,,,,,,,,,,,,,,,,,,,,,,,,,,,,,,,,,,,,,,,,,,,,,,,,
,,,,,,,,,,,,,,,,,,,,,,,,,,,,,,,,,,,,,,,,,,,,,,,,,,,,,,,
,,,,,,,,,,,,,,,,,,,,,,,,,,,,,,,,,,,,,,,,,,,,,,,,,,,,,,,
,,,,,,,,,,,,,,,,,,,,,,,,,,,,,,,,,,,,,,,,,,,,,,,,,,,,,,,
,,,,,,,,,,,,,,,,,,,,,,,,,,,,,,,,,,,,,,,,,,,,,,,,,,,,,,,
,,,,,,,,,,,,,,,,,,,,,,,,,,,,,,,,,,,,,,,,,,,,,,,,,,,,,,,
,,,,,,,,,,,,,,,,,,,,,,,,,,,,,,,,,,,,,,,,,,,,,,,,,,,,,,,
,,,,,,,,,,,,,,,,,,,,,,,,,,,,,,,,,,,,,,,,,,,,,,,,,,,,,,,
,,,,,,,,,,,,,,,,,,,,,,,,,,,,,,,,,,,,,,,,,,,,,,,,,,,,,,,
,,,,,,,,,,,,,,,,,,,,,,,,,,,,,,,,,,,,,,,,,,,,,,,,,,,,,,,
,,,,,,,,,,,,,,,,,,,,,,,,,,,,,,,,,,,,,,,,,,,,,,,,,,,,,,,
,,,,,,,,,,,,,,,,,,,,,,,,,,,,,,,,,,,,,,,,,,,,,,,,,,,,,,,
,,,,,,,,,,,,,,,,,,,,,,,,,,,,,,,,,,,,,,,,,,,,,,,,,,,,,,,
,,,,,,,,,,,,,,,,,,,,,,,,,,,,,,,,,,,,,,,,,,,,,,,,,,,,,,,
,,,,,,,,,,,,,,,,,,,,,,,,,,,,,,,,,,,,,,,,,,,,,,,,,,,,,,,
,,,,,,,,,,,,,,,,,,,,,,,,,,,,,,,,,,,,,,,,,,,,,,,,,,,,,,,
,,,,,,,,,,,,,,,,,,,,,,,,,,,,,,,,,,,,,,,,,,,,,,,,,,,,,,,
,,,,,,,,,,,,,,,,,,,,,,,,,,,,,,,,,,,,,,,,,,,,,,,,,,,,,,,
,,,,,,,,,,,,,,,,,,,,,,,,,,,,,,,,,,,,,,,,,,,,,,,,,,,,,,,
,,,,,,,,,,,,,,,,,,,,,,,,,,,,,,,,,,,,,,,,,,,,,,,,,,,,,,,
,,,,,,,,,,,,,,,,,,,,,,,,,,,,,,,,,,,,,,,,,,,,,,,,,,,,,,,
,,,,,,,,,,,,,,,,,,,,,,,,,,,,,,,,,,,,,,,,,,,,,,,,,,,,,,,
,,,,,,,,,,,,,,,,,,,,,,,,,,,,,,,,,,,,,,,,,,,,,,,,,,,,,,,
,,,,,,,,,,,,,,,,,,,,,,,,,,,,,,,,,,,,,,,,,,,,,,,,,,,,,,,
,,,,,,,,,,,,,,,,,,,,,,,,,,,,,,,,,,,,,,,,,,,,,,,,,,,,,,,
,,,,,,,,,,,,,,,,,,,,,,,,,,,,,,,,,,,,,,,,,,,,,,,,,,,,,,,
,,,,,,,,,,,,,,,,,,,,,,,,,,,,,,,,,,,,,,,,,,,,,,,,,,,,,,,
,,,,,,,,,,,,,,,,,,,,,,,,,,,,,,,,,,,,,,,,,,,,,,,,,,,,,,,
,,,,,,,,,,,,,,,,,,,,,,,,,,,,,,,,,,,,,,,,,,,,,,,,,,,,,,,
,,,,,,,,,,,,,,,,,,,,,,,,,,,,,,,,,,,,,,,,,,,,,,,,,,,,,,,
,,,,,,,,,,,,,,,,,,,,,,,,,,,,,,,,,,,,,,,,,,,,,,,,,,,,,,,
,,,,,,,,,,,,,,,,,,,,,,,,,,,,,,,,,,,,,,,,,,,,,,,,,,,,,,,
,,,,,,,,,,,,,,,,,,,,,,,,,,,,,,,,,,,,,,,,,,,,,,,,,,,,,,,
,,,,,,,,,,,,,,,,,,,,,,,,,,,,,,,,,,,,,,,,,,,,,,,,,,,,,,,
,,,,,,,,,,,,,,,,,,,,,,,,,,,,,,,,,,,,,,,,,,,,,,,,,,,,,,,
,,,,,,,,,,,,,,,,,,,,,,,,,,,,,,,,,,,,,,,,,,,,,,,,,,,,,,,
,,,,,,,,,,,,,,,,,,,,,,,,,,,,,,,,,,,,,,,,,,,,,,,,,,,,,,,
,,,,,,,,,,,,,,,,,,,,,,,,,,,,,,,,,,,,,,,,,,,,,,,,,,,,,,,
,,,,,,,,,,,,,,,,,,,,,,,,,,,,,,,,,,,,,,,,,,,,,,,,,,,,,,,
,,,,,,,,,,,,,,,,,,,,,,,,,,,,,,,,,,,,,,,,,,,,,,,,,,,,,,,
,,,,,,,,,,,,,,,,,,,,,,,,,,,,,,,,,,,,,,,,,,,,,,,,,,,,,,,
,,,,,,,,,,,,,,,,,,,,,,,,,,,,,,,,,,,,,,,,,,,,,,,,,,,,,,,
,,,,,,,,,,,,,,,,,,,,,,,,,,,,,,,,,,,,,,,,,,,,,,,,,,,,,,,
,,,,,,,,,,,,,,,,,,,,,,,,,,,,,,,,,,,,,,,,,,,,,,,,,,,,,,,
,,,,,,,,,,,,,,,,,,,,,,,,,,,,,,,,,,,,,,,,,,,,,,,,,,,,,,,
,,,,,,,,,,,,,,,,,,,,,,,,,,,,,,,,,,,,,,,,,,,,,,,,,,,,,,,
,,,,,,,,,,,,,,,,,,,,,,,,,,,,,,,,,,,,,,,,,,,,,,,,,,,,,,,
,,,,,,,,,,,,,,,,,,,,,,,,,,,,,,,,,,,,,,,,,,,,,,,,,,,,,,,
,,,,,,,,,,,,,,,,,,,,,,,,,,,,,,,,,,,,,,,,,,,,,,,,,,,,,,,
,,,,,,,,,,,,,,,,,,,,,,,,,,,,,,,,,,,,,,,,,,,,,,,,,,,,,,,
,,,,,,,,,,,,,,,,,,,,,,,,,,,,,,,,,,,,,,,,,,,,,,,,,,,,,,,
,,,,,,,,,,,,,,,,,,,,,,,,,,,,,,,,,,,,,,,,,,,,,,,,,,,,,,,
,,,,,,,,,,,,,,,,,,,,,,,,,,,,,,,,,,,,,,,,,,,,,,,,,,,,,,,
,,,,,,,,,,,,,,,,,,,,,,,,,,,,,,,,,,,,,,,,,,,,,,,,,,,,,,,
,,,,,,,,,,,,,,,,,,,,,,,,,,,,,,,,,,,,,,,,,,,,,,,,,,,,,,,
,,,,,,,,,,,,,,,,,,,,,,,,,,,,,,,,,,,,,,,,,,,,,,,,,,,,,,,
,,,,,,,,,,,,,,,,,,,,,,,,,,,,,,,,,,,,,,,,,,,,,,,,,,,,,,,
,,,,,,,,,,,,,,,,,,,,,,,,,,,,,,,,,,,,,,,,,,,,,,,,,,,,,,,
,,,,,,,,,,,,,,,,,,,,,,,,,,,,,,,,,,,,,,,,,,,,,,,,,,,,,,,
,,,,,,,,,,,,,,,,,,,,,,,,,,,,,,,,,,,,,,,,,,,,,,,,,,,,,,,
,,,,,,,,,,,,,,,,,,,,,,,,,,,,,,,,,,,,,,,,,,,,,,,,,,,,,,,
,,,,,,,,,,,,,,,,,,,,,,,,,,,,,,,,,,,,,,,,,,,,,,,,,,,,,,,
,,,,,,,,,,,,,,,,,,,,,,,,,,,,,,,,,,,,,,,,,,,,,,,,,,,,,,,
,,,,,,,,,,,,,,,,,,,,,,,,,,,,,,,,,,,,,,,,,,,,,,,,,,,,,,,
,,,,,,,,,,,,,,,,,,,,,,,,,,,,,,,,,,,,,,,,,,,,,,,,,,,,,,,
,,,,,,,,,,,,,,,,,,,,,,,,,,,,,,,,,,,,,,,,,,,,,,,,,,,,,,,
,,,,,,,,,,,,,,,,,,,,,,,,,,,,,,,,,,,,,,,,,,,,,,,,,,,,,,,
,,,,,,,,,,,,,,,,,,,,,,,,,,,,,,,,,,,,,,,,,,,,,,,,,,,,,,,
,,,,,,,,,,,,,,,,,,,,,,,,,,,,,,,,,,,,,,,,,,,,,,,,,,,,,,,
,,,,,,,,,,,,,,,,,,,,,,,,,,,,,,,,,,,,,,,,,,,,,,,,,,,,,,,
,,,,,,,,,,,,,,,,,,,,,,,,,,,,,,,,,,,,,,,,,,,,,,,,,,,,,,,
,,,,,,,,,,,,,,,,,,,,,,,,,,,,,,,,,,,,,,,,,,,,,,,,,,,,,,,
,,,,,,,,,,,,,,,,,,,,,,,,,,,,,,,,,,,,,,,,,,,,,,,,,,,,,,,
,,,,,,,,,,,,,,,,,,,,,,,,,,,,,,,,,,,,,,,,,,,,,,,,,,,,,,,
,,,,,,,,,,,,,,,,,,,,,,,,,,,,,,,,,,,,,,,,,,,,,,,,,,,,,,,
,,,,,,,,,,,,,,,,,,,,,,,,,,,,,,,,,,,,,,,,,,,,,,,,,,,,,,,
,,,,,,,,,,,,,,,,,,,,,,,,,,,,,,,,,,,,,,,,,,,,,,,,,,,,,,,
,,,,,,,,,,,,,,,,,,,,,,,,,,,,,,,,,,,,,,,,,,,,,,,,,,,,,,,
,,,,,,,,,,,,,,,,,,,,,,,,,,,,,,,,,,,,,,,,,,,,,,,,,,,,,,,
,,,,,,,,,,,,,,,,,,,,,,,,,,,,,,,,,,,,,,,,,,,,,,,,,,,,,,,
,,,,,,,,,,,,,,,,,,,,,,,,,,,,,,,,,,,,,,,,,,,,,,,,,,,,,,,
,,,,,,,,,,,,,,,,,,,,,,,,,,,,,,,,,,,,,,,,,,,,,,,,,,,,,,,
,,,,,,,,,,,,,,,,,,,,,,,,,,,,,,,,,,,,,,,,,,,,,,,,,,,,,,,
,,,,,,,,,,,,,,,,,,,,,,,,,,,,,,,,,,,,,,,,,,,,,,,,,,,,,,,
,,,,,,,,,,,,,,,,,,,,,,,,,,,,,,,,,,,,,,,,,,,,,,,,,,,,,,,
,,,,,,,,,,,,,,,,,,,,,,,,,,,,,,,,,,,,,,,,,,,,,,,,,,,,,,,
,,,,,,,,,,,,,,,,,,,,,,,,,,,,,,,,,,,,,,,,,,,,,,,,,,,,,,,
,,,,,,,,,,,,,,,,,,,,,,,,,,,,,,,,,,,,,,,,,,,,,,,,,,,,,,,
,,,,,,,,,,,,,,,,,,,,,,,,,,,,,,,,,,,,,,,,,,,,,,,,,,,,,,,
,,,,,,,,,,,,,,,,,,,,,,,,,,,,,,,,,,,,,,,,,,,,,,,,,,,,,,,
,,,,,,,,,,,,,,,,,,,,,,,,,,,,,,,,,,,,,,,,,,,,,,,,,,,,,,,
,,,,,,,,,,,,,,,,,,,,,,,,,,,,,,,,,,,,,,,,,,,,,,,,,,,,,,,
,,,,,,,,,,,,,,,,,,,,,,,,,,,,,,,,,,,,,,,,,,,,,,,,,,,,,,,
,,,,,,,,,,,,,,,,,,,,,,,,,,,,,,,,,,,,,,,,,,,,,,,,,,,,,,,
,,,,,,,,,,,,,,,,,,,,,,,,,,,,,,,,,,,,,,,,,,,,,,,,,,,,,,,
,,,,,,,,,,,,,,,,,,,,,,,,,,,,,,,,,,,,,,,,,,,,,,,,,,,,,,,
,,,,,,,,,,,,,,,,,,,,,,,,,,,,,,,,,,,,,,,,,,,,,,,,,,,,,,,
,,,,,,,,,,,,,,,,,,,,,,,,,,,,,,,,,,,,,,,,,,,,,,,,,,,,,,,
,,,,,,,,,,,,,,,,,,,,,,,,,,,,,,,,,,,,,,,,,,,,,,,,,,,,,,,
,,,,,,,,,,,,,,,,,,,,,,,,,,,,,,,,,,,,,,,,,,,,,,,,,,,,,,,
,,,,,,,,,,,,,,,,,,,,,,,,,,,,,,,,,,,,,,,,,,,,,,,,,,,,,,,
,,,,,,,,,,,,,,,,,,,,,,,,,,,,,,,,,,,,,,,,,,,,,,,,,,,,,,,
,,,,,,,,,,,,,,,,,,,,,,,,,,,,,,,,,,,,,,,,,,,,,,,,,,,,,,,
,,,,,,,,,,,,,,,,,,,,,,,,,,,,,,,,,,,,,,,,,,,,,,,,,,,,,,,
,,,,,,,,,,,,,,,,,,,,,,,,,,,,,,,,,,,,,,,,,,,,,,,,,,,,,,,
,,,,,,,,,,,,,,,,,,,,,,,,,,,,,,,,,,,,,,,,,,,,,,,,,,,,,,,
,,,,,,,,,,,,,,,,,,,,,,,,,,,,,,,,,,,,,,,,,,,,,,,,,,,,,,,
,,,,,,,,,,,,,,,,,,,,,,,,,,,,,,,,,,,,,,,,,,,,,,,,,,,,,,,
,,,,,,,,,,,,,,,,,,,,,,,,,,,,,,,,,,,,,,,,,,,,,,,,,,,,,,,
,,,,,,,,,,,,,,,,,,,,,,,,,,,,,,,,,,,,,,,,,,,,,,,,,,,,,,,
,,,,,,,,,,,,,,,,,,,,,,,,,,,,,,,,,,,,,,,,,,,,,,,,,,,,,,,
,,,,,,,,,,,,,,,,,,,,,,,,,,,,,,,,,,,,,,,,,,,,,,,,,,,,,,,
,,,,,,,,,,,,,,,,,,,,,,,,,,,,,,,,,,,,,,,,,,,,,,,,,,,,,,,
,,,,,,,,,,,,,,,,,,,,,,,,,,,,,,,,,,,,,,,,,,,,,,,,,,,,,,,
,,,,,,,,,,,,,,,,,,,,,,,,,,,,,,,,,,,,,,,,,,,,,,,,,,,,,,,
,,,,,,,,,,,,,,,,,,,,,,,,,,,,,,,,,,,,,,,,,,,,,,,,,,,,,,,
,,,,,,,,,,,,,,,,,,,,,,,,,,,,,,,,,,,,,,,,,,,,,,,,,,,,,,,
,,,,,,,,,,,,,,,,,,,,,,,,,,,,,,,,,,,,,,,,,,,,,,,,,,,,,,,
,,,,,,,,,,,,,,,,,,,,,,,,,,,,,,,,,,,,,,,,,,,,,,,,,,,,,,,
,,,,,,,,,,,,,,,,,,,,,,,,,,,,,,,,,,,,,,,,,,,,,,,,,,,,,,,
,,,,,,,,,,,,,,,,,,,,,,,,,,,,,,,,,,,,,,,,,,,,,,,,,,,,,,,
,,,,,,,,,,,,,,,,,,,,,,,,,,,,,,,,,,,,,,,,,,,,,,,,,,,,,,,
,,,,,,,,,,,,,,,,,,,,,,,,,,,,,,,,,,,,,,,,,,,,,,,,,,,,,,,
,,,,,,,,,,,,,,,,,,,,,,,,,,,,,,,,,,,,,,,,,,,,,,,,,,,,,,,
,,,,,,,,,,,,,,,,,,,,,,,,,,,,,,,,,,,,,,,,,,,,,,,,,,,,,,,
,,,,,,,,,,,,,,,,,,,,,,,,,,,,,,,,,,,,,,,,,,,,,,,,,,,,,,,
,,,,,,,,,,,,,,,,,,,,,,,,,,,,,,,,,,,,,,,,,,,,,,,,,,,,,,,
,,,,,,,,,,,,,,,,,,,,,,,,,,,,,,,,,,,,,,,,,,,,,,,,,,,,,,,
,,,,,,,,,,,,,,,,,,,,,,,,,,,,,,,,,,,,,,,,,,,,,,,,,,,,,,,
,,,,,,,,,,,,,,,,,,,,,,,,,,,,,,,,,,,,,,,,,,,,,,,,,,,,,,,
,,,,,,,,,,,,,,,,,,,,,,,,,,,,,,,,,,,,,,,,,,,,,,,,,,,,,,,
,,,,,,,,,,,,,,,,,,,,,,,,,,,,,,,,,,,,,,,,,,,,,,,,,,,,,,,
,,,,,,,,,,,,,,,,,,,,,,,,,,,,,,,,,,,,,,,,,,,,,,,,,,,,,,,
,,,,,,,,,,,,,,,,,,,,,,,,,,,,,,,,,,,,,,,,,,,,,,,,,,,,,,,
,,,,,,,,,,,,,,,,,,,,,,,,,,,,,,,,,,,,,,,,,,,,,,,,,,,,,,,
,,,,,,,,,,,,,,,,,,,,,,,,,,,,,,,,,,,,,,,,,,,,,,,,,,,,,,,
,,,,,,,,,,,,,,,,,,,,,,,,,,,,,,,,,,,,,,,,,,,,,,,,,,,,,,,
,,,,,,,,,,,,,,,,,,,,,,,,,,,,,,,,,,,,,,,,,,,,,,,,,,,,,,,
,,,,,,,,,,,,,,,,,,,,,,,,,,,,,,,,,,,,,,,,,,,,,,,,,,,,,,,
,,,,,,,,,,,,,,,,,,,,,,,,,,,,,,,,,,,,,,,,,,,,,,,,,,,,,,,
,,,,,,,,,,,,,,,,,,,,,,,,,,,,,,,,,,,,,,,,,,,,,,,,,,,,,,,
,,,,,,,,,,,,,,,,,,,,,,,,,,,,,,,,,,,,,,,,,,,,,,,,,,,,,,,
,,,,,,,,,,,,,,,,,,,,,,,,,,,,,,,,,,,,,,,,,,,,,,,,,,,,,,,
,,,,,,,,,,,,,,,,,,,,,,,,,,,,,,,,,,,,,,,,,,,,,,,,,,,,,,,
,,,,,,,,,,,,,,,,,,,,,,,,,,,,,,,,,,,,,,,,,,,,,,,,,,,,,,,
,,,,,,,,,,,,,,,,,,,,,,,,,,,,,,,,,,,,,,,,,,,,,,,,,,,,,,,
,,,,,,,,,,,,,,,,,,,,,,,,,,,,,,,,,,,,,,,,,,,,,,,,,,,,,,,
,,,,,,,,,,,,,,,,,,,,,,,,,,,,,,,,,,,,,,,,,,,,,,,,,,,,,,,
,,,,,,,,,,,,,,,,,,,,,,,,,,,,,,,,,,,,,,,,,,,,,,,,,,,,,,,
,,,,,,,,,,,,,,,,,,,,,,,,,,,,,,,,,,,,,,,,,,,,,,,,,,,,,,,
,,,,,,,,,,,,,,,,,,,,,,,,,,,,,,,,,,,,,,,,,,,,,,,,,,,,,,,
,,,,,,,,,,,,,,,,,,,,,,,,,,,,,,,,,,,,,,,,,,,,,,,,,,,,,,,
,,,,,,,,,,,,,,,,,,,,,,,,,,,,,,,,,,,,,,,,,,,,,,,,,,,,,,,
,,,,,,,,,,,,,,,,,,,,,,,,,,,,,,,,,,,,,,,,,,,,,,,,,,,,,,,
,,,,,,,,,,,,,,,,,,,,,,,,,,,,,,,,,,,,,,,,,,,,,,,,,,,,,,,
,,,,,,,,,,,,,,,,,,,,,,,,,,,,,,,,,,,,,,,,,,,,,,,,,,,,,,,
,,,,,,,,,,,,,,,,,,,,,,,,,,,,,,,,,,,,,,,,,,,,,,,,,,,,,,,
,,,,,,,,,,,,,,,,,,,,,,,,,,,,,,,,,,,,,,,,,,,,,,,,,,,,,,,
,,,,,,,,,,,,,,,,,,,,,,,,,,,,,,,,,,,,,,,,,,,,,,,,,,,,,,,
,,,,,,,,,,,,,,,,,,,,,,,,,,,,,,,,,,,,,,,,,,,,,,,,,,,,,,,
,,,,,,,,,,,,,,,,,,,,,,,,,,,,,,,,,,,,,,,,,,,,,,,,,,,,,,,
,,,,,,,,,,,,,,,,,,,,,,,,,,,,,,,,,,,,,,,,,,,,,,,,,,,,,,,
,,,,,,,,,,,,,,,,,,,,,,,,,,,,,,,,,,,,,,,,,,,,,,,,,,,,,,,
,,,,,,,,,,,,,,,,,,,,,,,,,,,,,,,,,,,,,,,,,,,,,,,,,,,,,,,
,,,,,,,,,,,,,,,,,,,,,,,,,,,,,,,,,,,,,,,,,,,,,,,,,,,,,,,
,,,,,,,,,,,,,,,,,,,,,,,,,,,,,,,,,,,,,,,,,,,,,,,,,,,,,,,
,,,,,,,,,,,,,,,,,,,,,,,,,,,,,,,,,,,,,,,,,,,,,,,,,,,,,,,
,,,,,,,,,,,,,,,,,,,,,,,,,,,,,,,,,,,,,,,,,,,,,,,,,,,,,,,
,,,,,,,,,,,,,,,,,,,,,,,,,,,,,,,,,,,,,,,,,,,,,,,,,,,,,,,
,,,,,,,,,,,,,,,,,,,,,,,,,,,,,,,,,,,,,,,,,,,,,,,,,,,,,,,
,,,,,,,,,,,,,,,,,,,,,,,,,,,,,,,,,,,,,,,,,,,,,,,,,,,,,,,
,,,,,,,,,,,,,,,,,,,,,,,,,,,,,,,,,,,,,,,,,,,,,,,,,,,,,,,
,,,,,,,,,,,,,,,,,,,,,,,,,,,,,,,,,,,,,,,,,,,,,,,,,,,,,,,
,,,,,,,,,,,,,,,,,,,,,,,,,,,,,,,,,,,,,,,,,,,,,,,,,,,,,,,
,,,,,,,,,,,,,,,,,,,,,,,,,,,,,,,,,,,,,,,,,,,,,,,,,,,,,,,
,,,,,,,,,,,,,,,,,,,,,,,,,,,,,,,,,,,,,,,,,,,,,,,,,,,,,,,
,,,,,,,,,,,,,,,,,,,,,,,,,,,,,,,,,,,,,,,,,,,,,,,,,,,,,,,
,,,,,,,,,,,,,,,,,,,,,,,,,,,,,,,,,,,,,,,,,,,,,,,,,,,,,,,
,,,,,,,,,,,,,,,,,,,,,,,,,,,,,,,,,,,,,,,,,,,,,,,,,,,,,,,
,,,,,,,,,,,,,,,,,,,,,,,,,,,,,,,,,,,,,,,,,,,,,,,,,,,,,,,
,,,,,,,,,,,,,,,,,,,,,,,,,,,,,,,,,,,,,,,,,,,,,,,,,,,,,,,
,,,,,,,,,,,,,,,,,,,,,,,,,,,,,,,,,,,,,,,,,,,,,,,,,,,,,,,
,,,,,,,,,,,,,,,,,,,,,,,,,,,,,,,,,,,,,,,,,,,,,,,,,,,,,,,
,,,,,,,,,,,,,,,,,,,,,,,,,,,,,,,,,,,,,,,,,,,,,,,,,,,,,,,
,,,,,,,,,,,,,,,,,,,,,,,,,,,,,,,,,,,,,,,,,,,,,,,,,,,,,,,
,,,,,,,,,,,,,,,,,,,,,,,,,,,,,,,,,,,,,,,,,,,,,,,,,,,,,,,
,,,,,,,,,,,,,,,,,,,,,,,,,,,,,,,,,,,,,,,,,,,,,,,,,,,,,,,
,,,,,,,,,,,,,,,,,,,,,,,,,,,,,,,,,,,,,,,,,,,,,,,,,,,,,,,
,,,,,,,,,,,,,,,,,,,,,,,,,,,,,,,,,,,,,,,,,,,,,,,,,,,,,,,
,,,,,,,,,,,,,,,,,,,,,,,,,,,,,,,,,,,,,,,,,,,,,,,,,,,,,,,
,,,,,,,,,,,,,,,,,,,,,,,,,,,,,,,,,,,,,,,,,,,,,,,,,,,,,,,
,,,,,,,,,,,,,,,,,,,,,,,,,,,,,,,,,,,,,,,,,,,,,,,,,,,,,,,
,,,,,,,,,,,,,,,,,,,,,,,,,,,,,,,,,,,,,,,,,,,,,,,,,,,,,,,
,,,,,,,,,,,,,,,,,,,,,,,,,,,,,,,,,,,,,,,,,,,,,,,,,,,,,,,
,,,,,,,,,,,,,,,,,,,,,,,,,,,,,,,,,,,,,,,,,,,,,,,,,,,,,,,
,,,,,,,,,,,,,,,,,,,,,,,,,,,,,,,,,,,,,,,,,,,,,,,,,,,,,,,
,,,,,,,,,,,,,,,,,,,,,,,,,,,,,,,,,,,,,,,,,,,,,,,,,,,,,,,
,,,,,,,,,,,,,,,,,,,,,,,,,,,,,,,,,,,,,,,,,,,,,,,,,,,,,,,
,,,,,,,,,,,,,,,,,,,,,,,,,,,,,,,,,,,,,,,,,,,,,,,,,,,,,,,
,,,,,,,,,,,,,,,,,,,,,,,,,,,,,,,,,,,,,,,,,,,,,,,,,,,,,,,
,,,,,,,,,,,,,,,,,,,,,,,,,,,,,,,,,,,,,,,,,,,,,,,,,,,,,,,
,,,,,,,,,,,,,,,,,,,,,,,,,,,,,,,,,,,,,,,,,,,,,,,,,,,,,,,
,,,,,,,,,,,,,,,,,,,,,,,,,,,,,,,,,,,,,,,,,,,,,,,,,,,,,,,
,,,,,,,,,,,,,,,,,,,,,,,,,,,,,,,,,,,,,,,,,,,,,,,,,,,,,,,
,,,,,,,,,,,,,,,,,,,,,,,,,,,,,,,,,,,,,,,,,,,,,,,,,,,,,,,
,,,,,,,,,,,,,,,,,,,,,,,,,,,,,,,,,,,,,,,,,,,,,,,,,,,,,,,
,,,,,,,,,,,,,,,,,,,,,,,,,,,,,,,,,,,,,,,,,,,,,,,,,,,,,,,
,,,,,,,,,,,,,,,,,,,,,,,,,,,,,,,,,,,,,,,,,,,,,,,,,,,,,,,
,,,,,,,,,,,,,,,,,,,,,,,,,,,,,,,,,,,,,,,,,,,,,,,,,,,,,,,
,,,,,,,,,,,,,,,,,,,,,,,,,,,,,,,,,,,,,,,,,,,,,,,,,,,,,,,
,,,,,,,,,,,,,,,,,,,,,,,,,,,,,,,,,,,,,,,,,,,,,,,,,,,,,,,
,,,,,,,,,,,,,,,,,,,,,,,,,,,,,,,,,,,,,,,,,,,,,,,,,,,,,,,
,,,,,,,,,,,,,,,,,,,,,,,,,,,,,,,,,,,,,,,,,,,,,,,,,,,,,,,
,,,,,,,,,,,,,,,,,,,,,,,,,,,,,,,,,,,,,,,,,,,,,,,,,,,,,,,
,,,,,,,,,,,,,,,,,,,,,,,,,,,,,,,,,,,,,,,,,,,,,,,,,,,,,,,
,,,,,,,,,,,,,,,,,,,,,,,,,,,,,,,,,,,,,,,,,,,,,,,,,,,,,,,
,,,,,,,,,,,,,,,,,,,,,,,,,,,,,,,,,,,,,,,,,,,,,,,,,,,,,,,
,,,,,,,,,,,,,,,,,,,,,,,,,,,,,,,,,,,,,,,,,,,,,,,,,,,,,,,
,,,,,,,,,,,,,,,,,,,,,,,,,,,,,,,,,,,,,,,,,,,,,,,,,,,,,,,
,,,,,,,,,,,,,,,,,,,,,,,,,,,,,,,,,,,,,,,,,,,,,,,,,,,,,,,
,,,,,,,,,,,,,,,,,,,,,,,,,,,,,,,,,,,,,,,,,,,,,,,,,,,,,,,
,,,,,,,,,,,,,,,,,,,,,,,,,,,,,,,,,,,,,,,,,,,,,,,,,,,,,,,
,,,,,,,,,,,,,,,,,,,,,,,,,,,,,,,,,,,,,,,,,,,,,,,,,,,,,,,
,,,,,,,,,,,,,,,,,,,,,,,,,,,,,,,,,,,,,,,,,,,,,,,,,,,,,,,
,,,,,,,,,,,,,,,,,,,,,,,,,,,,,,,,,,,,,,,,,,,,,,,,,,,,,,,
,,,,,,,,,,,,,,,,,,,,,,,,,,,,,,,,,,,,,,,,,,,,,,,,,,,,,,,
,,,,,,,,,,,,,,,,,,,,,,,,,,,,,,,,,,,,,,,,,,,,,,,,,,,,,,,
,,,,,,,,,,,,,,,,,,,,,,,,,,,,,,,,,,,,,,,,,,,,,,,,,,,,,,,
,,,,,,,,,,,,,,,,,,,,,,,,,,,,,,,,,,,,,,,,,,,,,,,,,,,,,,,
,,,,,,,,,,,,,,,,,,,,,,,,,,,,,,,,,,,,,,,,,,,,,,,,,,,,,,,
,,,,,,,,,,,,,,,,,,,,,,,,,,,,,,,,,,,,,,,,,,,,,,,,,,,,,,,
,,,,,,,,,,,,,,,,,,,,,,,,,,,,,,,,,,,,,,,,,,,,,,,,,,,,,,,
,,,,,,,,,,,,,,,,,,,,,,,,,,,,,,,,,,,,,,,,,,,,,,,,,,,,,,,
,,,,,,,,,,,,,,,,,,,,,,,,,,,,,,,,,,,,,,,,,,,,,,,,,,,,,,,
,,,,,,,,,,,,,,,,,,,,,,,,,,,,,,,,,,,,,,,,,,,,,,,,,,,,,,,
,,,,,,,,,,,,,,,,,,,,,,,,,,,,,,,,,,,,,,,,,,,,,,,,,,,,,,,
,,,,,,,,,,,,,,,,,,,,,,,,,,,,,,,,,,,,,,,,,,,,,,,,,,,,,,,
,,,,,,,,,,,,,,,,,,,,,,,,,,,,,,,,,,,,,,,,,,,,,,,,,,,,,,,
,,,,,,,,,,,,,,,,,,,,,,,,,,,,,,,,,,,,,,,,,,,,,,,,,,,,,,,
,,,,,,,,,,,,,,,,,,,,,,,,,,,,,,,,,,,,,,,,,,,,,,,,,,,,,,,
,,,,,,,,,,,,,,,,,,,,,,,,,,,,,,,,,,,,,,,,,,,,,,,,,,,,,,,
,,,,,,,,,,,,,,,,,,,,,,,,,,,,,,,,,,,,,,,,,,,,,,,,,,,,,,,
,,,,,,,,,,,,,,,,,,,,,,,,,,,,,,,,,,,,,,,,,,,,,,,,,,,,,,,
,,,,,,,,,,,,,,,,,,,,,,,,,,,,,,,,,,,,,,,,,,,,,,,,,,,,,,,
,,,,,,,,,,,,,,,,,,,,,,,,,,,,,,,,,,,,,,,,,,,,,,,,,,,,,,,
,,,,,,,,,,,,,,,,,,,,,,,,,,,,,,,,,,,,,,,,,,,,,,,,,,,,,,,
,,,,,,,,,,,,,,,,,,,,,,,,,,,,,,,,,,,,,,,,,,,,,,,,,,,,,,,
,,,,,,,,,,,,,,,,,,,,,,,,,,,,,,,,,,,,,,,,,,,,,,,,,,,,,,,
,,,,,,,,,,,,,,,,,,,,,,,,,,,,,,,,,,,,,,,,,,,,,,,,,,,,,,,
,,,,,,,,,,,,,,,,,,,,,,,,,,,,,,,,,,,,,,,,,,,,,,,,,,,,,,,
,,,,,,,,,,,,,,,,,,,,,,,,,,,,,,,,,,,,,,,,,,,,,,,,,,,,,,,
,,,,,,,,,,,,,,,,,,,,,,,,,,,,,,,,,,,,,,,,,,,,,,,,,,,,,,,
,,,,,,,,,,,,,,,,,,,,,,,,,,,,,,,,,,,,,,,,,,,,,,,,,,,,,,,
,,,,,,,,,,,,,,,,,,,,,,,,,,,,,,,,,,,,,,,,,,,,,,,,,,,,,,,
,,,,,,,,,,,,,,,,,,,,,,,,,,,,,,,,,,,,,,,,,,,,,,,,,,,,,,,
,,,,,,,,,,,,,,,,,,,,,,,,,,,,,,,,,,,,,,,,,,,,,,,,,,,,,,,
,,,,,,,,,,,,,,,,,,,,,,,,,,,,,,,,,,,,,,,,,,,,,,,,,,,,,,,
,,,,,,,,,,,,,,,,,,,,,,,,,,,,,,,,,,,,,,,,,,,,,,,,,,,,,,,
,,,,,,,,,,,,,,,,,,,,,,,,,,,,,,,,,,,,,,,,,,,,,,,,,,,,,,,
,,,,,,,,,,,,,,,,,,,,,,,,,,,,,,,,,,,,,,,,,,,,,,,,,,,,,,,
,,,,,,,,,,,,,,,,,,,,,,,,,,,,,,,,,,,,,,,,,,,,,,,,,,,,,,,
,,,,,,,,,,,,,,,,,,,,,,,,,,,,,,,,,,,,,,,,,,,,,,,,,,,,,,,
,,,,,,,,,,,,,,,,,,,,,,,,,,,,,,,,,,,,,,,,,,,,,,,,,,,,,,,
,,,,,,,,,,,,,,,,,,,,,,,,,,,,,,,,,,,,,,,,,,,,,,,,,,,,,,,
,,,,,,,,,,,,,,,,,,,,,,,,,,,,,,,,,,,,,,,,,,,,,,,,,,,,,,,
,,,,,,,,,,,,,,,,,,,,,,,,,,,,,,,,,,,,,,,,,,,,,,,,,,,,,,,
,,,,,,,,,,,,,,,,,,,,,,,,,,,,,,,,,,,,,,,,,,,,,,,,,,,,,,,
,,,,,,,,,,,,,,,,,,,,,,,,,,,,,,,,,,,,,,,,,,,,,,,,,,,,,,,
,,,,,,,,,,,,,,,,,,,,,,,,,,,,,,,,,,,,,,,,,,,,,,,,,,,,,,,
,,,,,,,,,,,,,,,,,,,,,,,,,,,,,,,,,,,,,,,,,,,,,,,,,,,,,,,
,,,,,,,,,,,,,,,,,,,,,,,,,,,,,,,,,,,,,,,,,,,,,,,,,,,,,,,
,,,,,,,,,,,,,,,,,,,,,,,,,,,,,,,,,,,,,,,,,,,,,,,,,,,,,,,
,,,,,,,,,,,,,,,,,,,,,,,,,,,,,,,,,,,,,,,,,,,,,,,,,,,,,,,
,,,,,,,,,,,,,,,,,,,,,,,,,,,,,,,,,,,,,,,,,,,,,,,,,,,,,,,
,,,,,,,,,,,,,,,,,,,,,,,,,,,,,,,,,,,,,,,,,,,,,,,,,,,,,,,
,,,,,,,,,,,,,,,,,,,,,,,,,,,,,,,,,,,,,,,,,,,,,,,,,,,,,,,
,,,,,,,,,,,,,,,,,,,,,,,,,,,,,,,,,,,,,,,,,,,,,,,,,,,,,,,
,,,,,,,,,,,,,,,,,,,,,,,,,,,,,,,,,,,,,,,,,,,,,,,,,,,,,,,
,,,,,,,,,,,,,,,,,,,,,,,,,,,,,,,,,,,,,,,,,,,,,,,,,,,,,,,
,,,,,,,,,,,,,,,,,,,,,,,,,,,,,,,,,,,,,,,,,,,,,,,,,,,,,,,
,,,,,,,,,,,,,,,,,,,,,,,,,,,,,,,,,,,,,,,,,,,,,,,,,,,,,,,
,,,,,,,,,,,,,,,,,,,,,,,,,,,,,,,,,,,,,,,,,,,,,,,,,,,,,,,
,,,,,,,,,,,,,,,,,,,,,,,,,,,,,,,,,,,,,,,,,,,,,,,,,,,,,,,
,,,,,,,,,,,,,,,,,,,,,,,,,,,,,,,,,,,,,,,,,,,,,,,,,,,,,,,
,,,,,,,,,,,,,,,,,,,,,,,,,,,,,,,,,,,,,,,,,,,,,,,,,,,,,,,
,,,,,,,,,,,,,,,,,,,,,,,,,,,,,,,,,,,,,,,,,,,,,,,,,,,,,,,
,,,,,,,,,,,,,,,,,,,,,,,,,,,,,,,,,,,,,,,,,,,,,,,,,,,,,,,
,,,,,,,,,,,,,,,,,,,,,,,,,,,,,,,,,,,,,,,,,,,,,,,,,,,,,,,
,,,,,,,,,,,,,,,,,,,,,,,,,,,,,,,,,,,,,,,,,,,,,,,,,,,,,,,
,,,,,,,,,,,,,,,,,,,,,,,,,,,,,,,,,,,,,,,,,,,,,,,,,,,,,,,
,,,,,,,,,,,,,,,,,,,,,,,,,,,,,,,,,,,,,,,,,,,,,,,,,,,,,,,
,,,,,,,,,,,,,,,,,,,,,,,,,,,,,,,,,,,,,,,,,,,,,,,,,,,,,,,
,,,,,,,,,,,,,,,,,,,,,,,,,,,,,,,,,,,,,,,,,,,,,,,,,,,,,,,
,,,,,,,,,,,,,,,,,,,,,,,,,,,,,,,,,,,,,,,,,,,,,,,,,,,,,,,
,,,,,,,,,,,,,,,,,,,,,,,,,,,,,,,,,,,,,,,,,,,,,,,,,,,,,,,
,,,,,,,,,,,,,,,,,,,,,,,,,,,,,,,,,,,,,,,,,,,,,,,,,,,,,,,
,,,,,,,,,,,,,,,,,,,,,,,,,,,,,,,,,,,,,,,,,,,,,,,,,,,,,,,
,,,,,,,,,,,,,,,,,,,,,,,,,,,,,,,,,,,,,,,,,,,,,,,,,,,,,,,
,,,,,,,,,,,,,,,,,,,,,,,,,,,,,,,,,,,,,,,,,,,,,,,,,,,,,,,
,,,,,,,,,,,,,,,,,,,,,,,,,,,,,,,,,,,,,,,,,,,,,,,,,,,,,,,
,,,,,,,,,,,,,,,,,,,,,,,,,,,,,,,,,,,,,,,,,,,,,,,,,,,,,,,
,,,,,,,,,,,,,,,,,,,,,,,,,,,,,,,,,,,,,,,,,,,,,,,,,,,,,,,
,,,,,,,,,,,,,,,,,,,,,,,,,,,,,,,,,,,,,,,,,,,,,,,,,,,,,,,
,,,,,,,,,,,,,,,,,,,,,,,,,,,,,,,,,,,,,,,,,,,,,,,,,,,,,,,
,,,,,,,,,,,,,,,,,,,,,,,,,,,,,,,,,,,,,,,,,,,,,,,,,,,,,,,
,,,,,,,,,,,,,,,,,,,,,,,,,,,,,,,,,,,,,,,,,,,,,,,,,,,,,,,
,,,,,,,,,,,,,,,,,,,,,,,,,,,,,,,,,,,,,,,,,,,,,,,,,,,,,,,
,,,,,,,,,,,,,,,,,,,,,,,,,,,,,,,,,,,,,,,,,,,,,,,,,,,,,,,
,,,,,,,,,,,,,,,,,,,,,,,,,,,,,,,,,,,,,,,,,,,,,,,,,,,,,,,
,,,,,,,,,,,,,,,,,,,,,,,,,,,,,,,,,,,,,,,,,,,,,,,,,,,,,,,
,,,,,,,,,,,,,,,,,,,,,,,,,,,,,,,,,,,,,,,,,,,,,,,,,,,,,,,
,,,,,,,,,,,,,,,,,,,,,,,,,,,,,,,,,,,,,,,,,,,,,,,,,,,,,,,
,,,,,,,,,,,,,,,,,,,,,,,,,,,,,,,,,,,,,,,,,,,,,,,,,,,,,,,
,,,,,,,,,,,,,,,,,,,,,,,,,,,,,,,,,,,,,,,,,,,,,,,,,,,,,,,
,,,,,,,,,,,,,,,,,,,,,,,,,,,,,,,,,,,,,,,,,,,,,,,,,,,,,,,
,,,,,,,,,,,,,,,,,,,,,,,,,,,,,,,,,,,,,,,,,,,,,,,,,,,,,,,
,,,,,,,,,,,,,,,,,,,,,,,,,,,,,,,,,,,,,,,,,,,,,,,,,,,,,,,
,,,,,,,,,,,,,,,,,,,,,,,,,,,,,,,,,,,,,,,,,,,,,,,,,,,,,,,
,,,,,,,,,,,,,,,,,,,,,,,,,,,,,,,,,,,,,,,,,,,,,,,,,,,,,,,
,,,,,,,,,,,,,,,,,,,,,,,,,,,,,,,,,,,,,,,,,,,,,,,,,,,,,,,
,,,,,,,,,,,,,,,,,,,,,,,,,,,,,,,,,,,,,,,,,,,,,,,,,,,,,,,
,,,,,,,,,,,,,,,,,,,,,,,,,,,,,,,,,,,,,,,,,,,,,,,,,,,,,,,
,,,,,,,,,,,,,,,,,,,,,,,,,,,,,,,,,,,,,,,,,,,,,,,,,,,,,,,
,,,,,,,,,,,,,,,,,,,,,,,,,,,,,,,,,,,,,,,,,,,,,,,,,,,,,,,
,,,,,,,,,,,,,,,,,,,,,,,,,,,,,,,,,,,,,,,,,,,,,,,,,,,,,,,
,,,,,,,,,,,,,,,,,,,,,,,,,,,,,,,,,,,,,,,,,,,,,,,,,,,,,,,
,,,,,,,,,,,,,,,,,,,,,,,,,,,,,,,,,,,,,,,,,,,,,,,,,,,,,,,
,,,,,,,,,,,,,,,,,,,,,,,,,,,,,,,,,,,,,,,,,,,,,,,,,,,,,,,
,,,,,,,,,,,,,,,,,,,,,,,,,,,,,,,,,,,,,,,,,,,,,,,,,,,,,,,
,,,,,,,,,,,,,,,,,,,,,,,,,,,,,,,,,,,,,,,,,,,,,,,,,,,,,,,
,,,,,,,,,,,,,,,,,,,,,,,,,,,,,,,,,,,,,,,,,,,,,,,,,,,,,,,
,,,,,,,,,,,,,,,,,,,,,,,,,,,,,,,,,,,,,,,,,,,,,,,,,,,,,,,
,,,,,,,,,,,,,,,,,,,,,,,,,,,,,,,,,,,,,,,,,,,,,,,,,,,,,,,
,,,,,,,,,,,,,,,,,,,,,,,,,,,,,,,,,,,,,,,,,,,,,,,,,,,,,,,
,,,,,,,,,,,,,,,,,,,,,,,,,,,,,,,,,,,,,,,,,,,,,,,,,,,,,,,
,,,,,,,,,,,,,,,,,,,,,,,,,,,,,,,,,,,,,,,,,,,,,,,,,,,,,,,
,,,,,,,,,,,,,,,,,,,,,,,,,,,,,,,,,,,,,,,,,,,,,,,,,,,,,,,
,,,,,,,,,,,,,,,,,,,,,,,,,,,,,,,,,,,,,,,,,,,,,,,,,,,,,,,
,,,,,,,,,,,,,,,,,,,,,,,,,,,,,,,,,,,,,,,,,,,,,,,,,,,,,,,
,,,,,,,,,,,,,,,,,,,,,,,,,,,,,,,,,,,,,,,,,,,,,,,,,,,,,,,
,,,,,,,,,,,,,,,,,,,,,,,,,,,,,,,,,,,,,,,,,,,,,,,,,,,,,,,
,,,,,,,,,,,,,,,,,,,,,,,,,,,,,,,,,,,,,,,,,,,,,,,,,,,,,,,
,,,,,,,,,,,,,,,,,,,,,,,,,,,,,,,,,,,,,,,,,,,,,,,,,,,,,,,
,,,,,,,,,,,,,,,,,,,,,,,,,,,,,,,,,,,,,,,,,,,,,,,,,,,,,,,
,,,,,,,,,,,,,,,,,,,,,,,,,,,,,,,,,,,,,,,,,,,,,,,,,,,,,,,
,,,,,,,,,,,,,,,,,,,,,,,,,,,,,,,,,,,,,,,,,,,,,,,,,,,,,,,
,,,,,,,,,,,,,,,,,,,,,,,,,,,,,,,,,,,,,,,,,,,,,,,,,,,,,,,
,,,,,,,,,,,,,,,,,,,,,,,,,,,,,,,,,,,,,,,,,,,,,,,,,,,,,,,
,,,,,,,,,,,,,,,,,,,,,,,,,,,,,,,,,,,,,,,,,,,,,,,,,,,,,,,
,,,,,,,,,,,,,,,,,,,,,,,,,,,,,,,,,,,,,,,,,,,,,,,,,,,,,,,
,,,,,,,,,,,,,,,,,,,,,,,,,,,,,,,,,,,,,,,,,,,,,,,,,,,,,,,
,,,,,,,,,,,,,,,,,,,,,,,,,,,,,,,,,,,,,,,,,,,,,,,,,,,,,,,
,,,,,,,,,,,,,,,,,,,,,,,,,,,,,,,,,,,,,,,,,,,,,,,,,,,,,,,
,,,,,,,,,,,,,,,,,,,,,,,,,,,,,,,,,,,,,,,,,,,,,,,,,,,,,,,
,,,,,,,,,,,,,,,,,,,,,,,,,,,,,,,,,,,,,,,,,,,,,,,,,,,,,,,
,,,,,,,,,,,,,,,,,,,,,,,,,,,,,,,,,,,,,,,,,,,,,,,,,,,,,,,
,,,,,,,,,,,,,,,,,,,,,,,,,,,,,,,,,,,,,,,,,,,,,,,,,,,,,,,
,,,,,,,,,,,,,,,,,,,,,,,,,,,,,,,,,,,,,,,,,,,,,,,,,,,,,,,
,,,,,,,,,,,,,,,,,,,,,,,,,,,,,,,,,,,,,,,,,,,,,,,,,,,,,,,
,,,,,,,,,,,,,,,,,,,,,,,,,,,,,,,,,,,,,,,,,,,,,,,,,,,,,,,
,,,,,,,,,,,,,,,,,,,,,,,,,,,,,,,,,,,,,,,,,,,,,,,,,,,,,,,
,,,,,,,,,,,,,,,,,,,,,,,,,,,,,,,,,,,,,,,,,,,,,,,,,,,,,,,
,,,,,,,,,,,,,,,,,,,,,,,,,,,,,,,,,,,,,,,,,,,,,,,,,,,,,,,
,,,,,,,,,,,,,,,,,,,,,,,,,,,,,,,,,,,,,,,,,,,,,,,,,,,,,,,
,,,,,,,,,,,,,,,,,,,,,,,,,,,,,,,,,,,,,,,,,,,,,,,,,,,,,,,
,,,,,,,,,,,,,,,,,,,,,,,,,,,,,,,,,,,,,,,,,,,,,,,,,,,,,,,
,,,,,,,,,,,,,,,,,,,,,,,,,,,,,,,,,,,,,,,,,,,,,,,,,,,,,,,
,,,,,,,,,,,,,,,,,,,,,,,,,,,,,,,,,,,,,,,,,,,,,,,,,,,,,,,
,,,,,,,,,,,,,,,,,,,,,,,,,,,,,,,,,,,,,,,,,,,,,,,,,,,,,,,
,,,,,,,,,,,,,,,,,,,,,,,,,,,,,,,,,,,,,,,,,,,,,,,,,,,,,,,
,,,,,,,,,,,,,,,,,,,,,,,,,,,,,,,,,,,,,,,,,,,,,,,,,,,,,,,
,,,,,,,,,,,,,,,,,,,,,,,,,,,,,,,,,,,,,,,,,,,,,,,,,,,,,,,
,,,,,,,,,,,,,,,,,,,,,,,,,,,,,,,,,,,,,,,,,,,,,,,,,,,,,,,
,,,,,,,,,,,,,,,,,,,,,,,,,,,,,,,,,,,,,,,,,,,,,,,,,,,,,,,
,,,,,,,,,,,,,,,,,,,,,,,,,,,,,,,,,,,,,,,,,,,,,,,,,,,,,,,
,,,,,,,,,,,,,,,,,,,,,,,,,,,,,,,,,,,,,,,,,,,,,,,,,,,,,,,
,,,,,,,,,,,,,,,,,,,,,,,,,,,,,,,,,,,,,,,,,,,,,,,,,,,,,,,
,,,,,,,,,,,,,,,,,,,,,,,,,,,,,,,,,,,,,,,,,,,,,,,,,,,,,,,
,,,,,,,,,,,,,,,,,,,,,,,,,,,,,,,,,,,,,,,,,,,,,,,,,,,,,,,
,,,,,,,,,,,,,,,,,,,,,,,,,,,,,,,,,,,,,,,,,,,,,,,,,,,,,,,
,,,,,,,,,,,,,,,,,,,,,,,,,,,,,,,,,,,,,,,,,,,,,,,,,,,,,,,
,,,,,,,,,,,,,,,,,,,,,,,,,,,,,,,,,,,,,,,,,,,,,,,,,,,,,,,
,,,,,,,,,,,,,,,,,,,,,,,,,,,,,,,,,,,,,,,,,,,,,,,,,,,,,,,
,,,,,,,,,,,,,,,,,,,,,,,,,,,,,,,,,,,,,,,,,,,,,,,,,,,,,,,
,,,,,,,,,,,,,,,,,,,,,,,,,,,,,,,,,,,,,,,,,,,,,,,,,,,,,,,
,,,,,,,,,,,,,,,,,,,,,,,,,,,,,,,,,,,,,,,,,,,,,,,,,,,,,,,
,,,,,,,,,,,,,,,,,,,,,,,,,,,,,,,,,,,,,,,,,,,,,,,,,,,,,,,
,,,,,,,,,,,,,,,,,,,,,,,,,,,,,,,,,,,,,,,,,,,,,,,,,,,,,,,
,,,,,,,,,,,,,,,,,,,,,,,,,,,,,,,,,,,,,,,,,,,,,,,,,,,,,,,
,,,,,,,,,,,,,,,,,,,,,,,,,,,,,,,,,,,,,,,,,,,,,,,,,,,,,,,
,,,,,,,,,,,,,,,,,,,,,,,,,,,,,,,,,,,,,,,,,,,,,,,,,,,,,,,
,,,,,,,,,,,,,,,,,,,,,,,,,,,,,,,,,,,,,,,,,,,,,,,,,,,,,,,
,,,,,,,,,,,,,,,,,,,,,,,,,,,,,,,,,,,,,,,,,,,,,,,,,,,,,,,
,,,,,,,,,,,,,,,,,,,,,,,,,,,,,,,,,,,,,,,,,,,,,,,,,,,,,,,
,,,,,,,,,,,,,,,,,,,,,,,,,,,,,,,,,,,,,,,,,,,,,,,,,,,,,,,
,,,,,,,,,,,,,,,,,,,,,,,,,,,,,,,,,,,,,,,,,,,,,,,,,,,,,,,
,,,,,,,,,,,,,,,,,,,,,,,,,,,,,,,,,,,,,,,,,,,,,,,,,,,,,,,
,,,,,,,,,,,,,,,,,,,,,,,,,,,,,,,,,,,,,,,,,,,,,,,,,,,,,,,
,,,,,,,,,,,,,,,,,,,,,,,,,,,,,,,,,,,,,,,,,,,,,,,,,,,,,,,
,,,,,,,,,,,,,,,,,,,,,,,,,,,,,,,,,,,,,,,,,,,,,,,,,,,,,,,
,,,,,,,,,,,,,,,,,,,,,,,,,,,,,,,,,,,,,,,,,,,,,,,,,,,,,,,
,,,,,,,,,,,,,,,,,,,,,,,,,,,,,,,,,,,,,,,,,,,,,,,,,,,,,,,
,,,,,,,,,,,,,,,,,,,,,,,,,,,,,,,,,,,,,,,,,,,,,,,,,,,,,,,
